{"type":"FeatureCollection","bbox":[0.0,0.0,-1.0,-1.0],"features":[{"type":"Feature","properties":{"sa3_name":"Brunswick-Coburg","p_rt_per_100k":94.0,"sa3_code":"20601","yr":"2014-2016","m_rt_per_100k":135.0,"f_rt_per_100k":57.0},"id":"aihw_lepad_potentially_avoidable_deaths_rate_sa3_2009_16.655"},{"type":"Feature","properties":{"sa3_name":"Darebin-South","p_rt_per_100k":72.0,"sa3_code":"20602","yr":"2014-2016","m_rt_per_100k":90.0,"f_rt_per_100k":56.0},"id":"aihw_lepad_potentially_avoidable_deaths_rate_sa3_2009_16.661"},{"type":"Feature","properties":{"sa3_name":"Essendon","p_rt_per_100k":96.0,"sa3_code":"20603","yr":"2014-2016","m_rt_per_100k":135.0,"f_rt_per_100k":59.0},"id":"aihw_lepad_potentially_avoidable_deaths_rate_sa3_2009_16.667"},{"type":"Feature","properties":{"sa3_name":"Melbourne City","p_rt_per_100k":88.0,"sa3_code":"20604","yr":"2014-2016","m_rt_per_100k":120.0,"f_rt_per_100k":55.0},"id":"aihw_lepad_potentially_avoidable_deaths_rate_sa3_2009_16.673"},{"type":"Feature","properties":{"sa3_name":"Port Phillip","p_rt_per_100k":103.0,"sa3_code":"20605","yr":"2014-2016","m_rt_per_100k":139.0,"f_rt_per_100k":66.0},"id":"aihw_lepad_potentially_avoidable_deaths_rate_sa3_2009_16.679"},{"type":"Feature","properties":{"sa3_name":"Stonnington-West","p_rt_per_100k":67.0,"sa3_code":"20606","yr":"2014-2016","m_rt_per_100k":88.0,"f_rt_per_100k":48.0},"id":"aihw_lepad_potentially_avoidable_deaths_rate_sa3_2009_16.685"},{"type":"Feature","properties":{"sa3_name":"Whitehorse-West","p_rt_per_100k":73.0,"sa3_code":"20703","yr":"2014-2016","m_rt_per_100k":89.0,"f_rt_per_100k":59.0},"id":"aihw_lepad_potentially_avoidable_deaths_rate_sa3_2009_16.709"},{"type":"Feature","properties":{"sa3_name":"Bayside","p_rt_per_100k":60.0,"sa3_code":"20801","yr":"2014-2016","m_rt_per_100k":76.0,"f_rt_per_100k":45.0},"id":"aihw_lepad_potentially_avoidable_deaths_rate_sa3_2009_16.715"},{"type":"Feature","properties":{"sa3_name":"Darebin-North","p_rt_per_100k":116.0,"sa3_code":"20902","yr":"2014-2016","m_rt_per_100k":152.0,"f_rt_per_100k":84.0},"id":"aihw_lepad_potentially_avoidable_deaths_rate_sa3_2009_16.721"},{"type":"Feature","properties":{"sa3_name":"Nillumbik-Kinglake","p_rt_per_100k":80.0,"sa3_code":"20903","yr":"2014-2016","m_rt_per_100k":106.0,"f_rt_per_100k":55.0},"id":"aihw_lepad_potentially_avoidable_deaths_rate_sa3_2009_16.727"},{"type":"Feature","properties":{"sa3_name":"Whittlesea-Wallan","p_rt_per_100k":88.0,"sa3_code":"20904","yr":"2014-2016","m_rt_per_100k":115.0,"f_rt_per_100k":62.0},"id":"aihw_lepad_potentially_avoidable_deaths_rate_sa3_2009_16.733"},{"type":"Feature","properties":{"sa3_name":"Keilor","p_rt_per_100k":69.0,"sa3_code":"21001","yr":"2014-2016","m_rt_per_100k":91.0,"f_rt_per_100k":50.0},"id":"aihw_lepad_potentially_avoidable_deaths_rate_sa3_2009_16.739"},{"type":"Feature","properties":{"sa3_name":"Macedon Ranges","p_rt_per_100k":94.0,"sa3_code":"21002","yr":"2014-2016","m_rt_per_100k":111.0,"f_rt_per_100k":75.0},"id":"aihw_lepad_potentially_avoidable_deaths_rate_sa3_2009_16.745"},{"type":"Feature","properties":{"sa3_name":"Stonnington-East","p_rt_per_100k":69.0,"sa3_code":"20804","yr":"2014-2016","m_rt_per_100k":77.0,"f_rt_per_100k":61.0},"id":"aihw_lepad_potentially_avoidable_deaths_rate_sa3_2009_16.763"},{"type":"Feature","properties":{"sa3_name":"Banyule","p_rt_per_100k":79.0,"sa3_code":"20901","yr":"2014-2016","m_rt_per_100k":104.0,"f_rt_per_100k":56.0},"id":"aihw_lepad_potentially_avoidable_deaths_rate_sa3_2009_16.769"},{"type":"Feature","properties":{"sa3_name":"Moreland-North","p_rt_per_100k":103.0,"sa3_code":"21003","yr":"2014-2016","m_rt_per_100k":131.0,"f_rt_per_100k":77.0},"id":"aihw_lepad_potentially_avoidable_deaths_rate_sa3_2009_16.775"},{"type":"Feature","properties":{"sa3_name":"Sunbury","p_rt_per_100k":114.0,"sa3_code":"21004","yr":"2014-2016","m_rt_per_100k":161.0,"f_rt_per_100k":71.0},"id":"aihw_lepad_potentially_avoidable_deaths_rate_sa3_2009_16.781"},{"type":"Feature","properties":{"sa3_name":"Tullamarine-Broadmeadows","p_rt_per_100k":109.0,"sa3_code":"21005","yr":"2014-2016","m_rt_per_100k":135.0,"f_rt_per_100k":83.0},"id":"aihw_lepad_potentially_avoidable_deaths_rate_sa3_2009_16.787"},{"type":"Feature","properties":{"sa3_name":"Knox","p_rt_per_100k":92.0,"sa3_code":"21101","yr":"2014-2016","m_rt_per_100k":115.0,"f_rt_per_100k":70.0},"id":"aihw_lepad_potentially_avoidable_deaths_rate_sa3_2009_16.793"},{"type":"Feature","properties":{"sa3_name":"Yarra","p_rt_per_100k":91.0,"sa3_code":"20607","yr":"2014-2016","m_rt_per_100k":132.0,"f_rt_per_100k":52.0},"id":"aihw_lepad_potentially_avoidable_deaths_rate_sa3_2009_16.691"},{"type":"Feature","properties":{"sa3_name":"Boroondara","p_rt_per_100k":58.0,"sa3_code":"20701","yr":"2014-2016","m_rt_per_100k":69.0,"f_rt_per_100k":48.0},"id":"aihw_lepad_potentially_avoidable_deaths_rate_sa3_2009_16.697"},{"type":"Feature","properties":{"sa3_name":"Manningham-West","p_rt_per_100k":56.0,"sa3_code":"20702","yr":"2014-2016","m_rt_per_100k":70.0,"f_rt_per_100k":42.0},"id":"aihw_lepad_potentially_avoidable_deaths_rate_sa3_2009_16.703"},{"type":"Feature","properties":{"sa3_name":"Glen Eira","p_rt_per_100k":82.0,"sa3_code":"20802","yr":"2014-2016","m_rt_per_100k":102.0,"f_rt_per_100k":64.0},"id":"aihw_lepad_potentially_avoidable_deaths_rate_sa3_2009_16.751"},{"type":"Feature","properties":{"sa3_name":"Manningham-East","p_rt_per_100k":72.0,"sa3_code":"21102","yr":"2014-2016","m_rt_per_100k":85.0,"f_rt_per_100k":60.0},"id":"aihw_lepad_potentially_avoidable_deaths_rate_sa3_2009_16.799"},{"type":"Feature","properties":{"sa3_name":"Maroondah","p_rt_per_100k":98.0,"sa3_code":"21103","yr":"2014-2016","m_rt_per_100k":132.0,"f_rt_per_100k":66.0},"id":"aihw_lepad_potentially_avoidable_deaths_rate_sa3_2009_16.805"},{"type":"Feature","properties":{"sa3_name":"Whitehorse-East","p_rt_per_100k":69.0,"sa3_code":"21104","yr":"2014-2016","m_rt_per_100k":87.0,"f_rt_per_100k":53.0},"id":"aihw_lepad_potentially_avoidable_deaths_rate_sa3_2009_16.811"},{"type":"Feature","properties":{"sa3_name":"Yarra Ranges","p_rt_per_100k":91.0,"sa3_code":"21105","yr":"2014-2016","m_rt_per_100k":113.0,"f_rt_per_100k":70.0},"id":"aihw_lepad_potentially_avoidable_deaths_rate_sa3_2009_16.817"},{"type":"Feature","properties":{"sa3_name":"Kingston","p_rt_per_100k":87.0,"sa3_code":"20803","yr":"2014-2016","m_rt_per_100k":113.0,"f_rt_per_100k":63.0},"id":"aihw_lepad_potentially_avoidable_deaths_rate_sa3_2009_16.757"},{"type":"Feature","properties":{"sa3_name":"Cardinia","p_rt_per_100k":92.0,"sa3_code":"21201","yr":"2014-2016","m_rt_per_100k":110.0,"f_rt_per_100k":74.0},"id":"aihw_lepad_potentially_avoidable_deaths_rate_sa3_2009_16.823"},{"type":"Feature","properties":{"sa3_name":"Casey-North","p_rt_per_100k":93.0,"sa3_code":"21202","yr":"2014-2016","m_rt_per_100k":118.0,"f_rt_per_100k":69.0},"id":"aihw_lepad_potentially_avoidable_deaths_rate_sa3_2009_16.829"},{"type":"Feature","properties":{"sa3_name":"Casey-South","p_rt_per_100k":90.0,"sa3_code":"21203","yr":"2014-2016","m_rt_per_100k":108.0,"f_rt_per_100k":73.0},"id":"aihw_lepad_potentially_avoidable_deaths_rate_sa3_2009_16.835"},{"type":"Feature","properties":{"sa3_name":"Dandenong","p_rt_per_100k":111.0,"sa3_code":"21204","yr":"2014-2016","m_rt_per_100k":140.0,"f_rt_per_100k":81.0},"id":"aihw_lepad_potentially_avoidable_deaths_rate_sa3_2009_16.841"},{"type":"Feature","properties":{"sa3_name":"Monash","p_rt_per_100k":66.0,"sa3_code":"21205","yr":"2014-2016","m_rt_per_100k":81.0,"f_rt_per_100k":53.0},"id":"aihw_lepad_potentially_avoidable_deaths_rate_sa3_2009_16.847"},{"type":"Feature","properties":{"sa3_name":"Brimbank","p_rt_per_100k":102.0,"sa3_code":"21301","yr":"2014-2016","m_rt_per_100k":136.0,"f_rt_per_100k":67.0},"id":"aihw_lepad_potentially_avoidable_deaths_rate_sa3_2009_16.853"},{"type":"Feature","properties":{"sa3_name":"Hobsons Bay","p_rt_per_100k":95.0,"sa3_code":"21302","yr":"2014-2016","m_rt_per_100k":126.0,"f_rt_per_100k":66.0},"id":"aihw_lepad_potentially_avoidable_deaths_rate_sa3_2009_16.859"},{"type":"Feature","properties":{"sa3_name":"Maribyrnong","p_rt_per_100k":110.0,"sa3_code":"21303","yr":"2014-2016","m_rt_per_100k":168.0,"f_rt_per_100k":55.0},"id":"aihw_lepad_potentially_avoidable_deaths_rate_sa3_2009_16.865"},{"type":"Feature","properties":{"sa3_name":"Melton-Bacchus Marsh","p_rt_per_100k":98.0,"sa3_code":"21304","yr":"2014-2016","m_rt_per_100k":118.0,"f_rt_per_100k":79.0},"id":"aihw_lepad_potentially_avoidable_deaths_rate_sa3_2009_16.871"},{"type":"Feature","properties":{"sa3_name":"Wyndham","p_rt_per_100k":95.0,"sa3_code":"21305","yr":"2014-2016","m_rt_per_100k":119.0,"f_rt_per_100k":71.0},"id":"aihw_lepad_potentially_avoidable_deaths_rate_sa3_2009_16.877"},{"type":"Feature","properties":{"sa3_name":"Frankston","p_rt_per_100k":117.0,"sa3_code":"21401","yr":"2014-2016","m_rt_per_100k":149.0,"f_rt_per_100k":86.0},"id":"aihw_lepad_potentially_avoidable_deaths_rate_sa3_2009_16.883"},{"type":"Feature","properties":{"sa3_name":"Mornington Peninsula","p_rt_per_100k":95.0,"sa3_code":"21402","yr":"2014-2016","m_rt_per_100k":126.0,"f_rt_per_100k":66.0},"id":"aihw_lepad_potentially_avoidable_deaths_rate_sa3_2009_16.889"}]}