{"type":"FeatureCollection","bbox":[144.3372015,-38.4304179,145.8280001,-37.1940818],"crs":{"type":"name","properties":{"name":"EPSG:4283"}},"features":[{"type":"Feature","geometry":{"type":"Point","coordinates":[144.364647,-38.152047]},"properties":{"establishment_id":"210102050","hospname":"Geelong Hospital","emergency_department":"Yes","state":"VIC","_2011_12_peer_group_code":"A1","_2012_13_peer_group_name":"Principal referral","number_of_available_beds":431.0,"geocode_quality":"GEOMETRIC_CENTER","medicare_prov_number":null,"_2011_12_peer_group_name":"Principal referral","remoteness_area_code":0,"_2012_13_peer_group_code":"PR","elective_surgery_reported":"Yes","unit":"Campus","remoteness_area":"Major Cities","address_line_1":"Bellerine Street","admissions_reported":"Yes","ogc_fid":150,"address_line_2":"Geelong 3220","geocode_type":"establishment","outpatient_clinics":"Yes","longitude":144.364647,"latitude":-38.152047,"parent_id":"NET010441"},"id":"aihw_hospital_statistics_2012_2013.150"},{"type":"Feature","geometry":{"type":"Point","coordinates":[144.4701294,-37.2547402]},"properties":{"establishment_id":"210301270","hospname":"Kyneton District Health Service","emergency_department":"No","state":"VIC","_2011_12_peer_group_code":"D1","_2012_13_peer_group_name":"Small public acute with surgery\/obstetrics","number_of_available_beds":18.0,"geocode_quality":"GEOMETRIC_CENTER","medicare_prov_number":null,"_2011_12_peer_group_name":"Small regional acute","remoteness_area_code":1,"_2012_13_peer_group_code":"S1","elective_surgery_reported":"No","unit":"Hospital","remoteness_area":"Inner Regional","address_line_1":"7-25 Caroline Chisholm Drive","admissions_reported":"Yes","ogc_fid":156,"address_line_2":"Kyneton 3444","geocode_type":"establishment","outpatient_clinics":"No","longitude":144.4701294,"latitude":-37.2547402,"parent_id":""},"id":"aihw_hospital_statistics_2012_2013.156"},{"type":"Feature","geometry":{"type":"Point","coordinates":[145.3140909,-37.8985959]},"properties":{"establishment_id":"210801590","hospname":"Angliss Hospital","emergency_department":"Yes","state":"VIC","_2011_12_peer_group_code":"B1","_2012_13_peer_group_name":"Medium public acute","number_of_available_beds":170.33,"geocode_quality":"GEOMETRIC_CENTER","medicare_prov_number":null,"_2011_12_peer_group_name":"Large Major cities","remoteness_area_code":0,"_2012_13_peer_group_code":"M","elective_surgery_reported":"Yes","unit":"Campus","remoteness_area":"Major Cities","address_line_1":"Albert Street","admissions_reported":"Yes","ogc_fid":163,"address_line_2":"Upper Ferntree Gully 3156","geocode_type":"establishment","outpatient_clinics":"Yes","longitude":145.3140909,"latitude":-37.8985959,"parent_id":"NET011518"},"id":"aihw_hospital_statistics_2012_2013.163"},{"type":"Feature","geometry":{"type":"Point","coordinates":[145.095328,-38.178793]},"properties":{"establishment_id":"210904080","hospname":"Mount Eliza Aged Care & Rehabilitation Service","emergency_department":"No","state":"VIC","_2011_12_peer_group_code":"G","_2012_13_peer_group_name":"Unpeered","number_of_available_beds":0.0,"geocode_quality":"GEOMETRIC_CENTER","medicare_prov_number":null,"_2011_12_peer_group_name":"Un-peered and other","remoteness_area_code":0,"_2012_13_peer_group_code":"O5","elective_surgery_reported":"No","unit":"Campus","remoteness_area":"Major Cities","address_line_1":"33 Jacksons Road","admissions_reported":"No","ogc_fid":164,"address_line_2":"Mount Eliza 3930","geocode_type":"establishment","outpatient_clinics":"No","longitude":145.095328,"latitude":-38.178793,"parent_id":"NET003285"},"id":"aihw_hospital_statistics_2012_2013.164"},{"type":"Feature","geometry":{"type":"Point","coordinates":[145.128327,-38.151037]},"properties":{"establishment_id":"NET003285","hospname":"Peninsula Health","emergency_department":"No","state":"VIC","_2011_12_peer_group_code":"A1","_2012_13_peer_group_name":null,"number_of_available_beds":null,"geocode_quality":"GEOMETRIC_CENTER","medicare_prov_number":"","_2011_12_peer_group_name":"Principal referral","remoteness_area_code":null,"_2012_13_peer_group_code":null,"elective_surgery_reported":"No","unit":"Network","remoteness_area":null,"address_line_1":"","admissions_reported":"No","ogc_fid":165,"address_line_2":"Various","geocode_type":"dentist","outpatient_clinics":"No","longitude":145.128327,"latitude":-38.151037,"parent_id":""},"id":"aihw_hospital_statistics_2012_2013.165"},{"type":"Feature","geometry":{"type":"Point","coordinates":[144.364647,-38.152047]},"properties":{"establishment_id":"NET010441","hospname":"Barwon Health","emergency_department":"No","state":"VIC","_2011_12_peer_group_code":"A1","_2012_13_peer_group_name":null,"number_of_available_beds":null,"geocode_quality":"GEOMETRIC_CENTER","medicare_prov_number":"","_2011_12_peer_group_name":"Principal referral","remoteness_area_code":null,"_2012_13_peer_group_code":null,"elective_surgery_reported":"No","unit":"Network","remoteness_area":null,"address_line_1":"","admissions_reported":"No","ogc_fid":168,"address_line_2":"Various","geocode_type":"establishment","outpatient_clinics":"No","longitude":144.364647,"latitude":-38.152047,"parent_id":""},"id":"aihw_hospital_statistics_2012_2013.168"},{"type":"Feature","geometry":{"type":"Point","coordinates":[145.0611484,-37.7561681]},"properties":{"establishment_id":"NET003388","hospname":"Mercy Public Hospital Inc.","emergency_department":"No","state":"VIC","_2011_12_peer_group_code":"A1","_2012_13_peer_group_name":null,"number_of_available_beds":null,"geocode_quality":"ROOFTOP","medicare_prov_number":"","_2011_12_peer_group_name":"Principal referral","remoteness_area_code":null,"_2012_13_peer_group_code":null,"elective_surgery_reported":"No","unit":"Network","remoteness_area":null,"address_line_1":"","admissions_reported":"No","ogc_fid":730,"address_line_2":"Various","geocode_type":"establishment","outpatient_clinics":"No","longitude":145.0611484,"latitude":-37.7561681,"parent_id":""},"id":"aihw_hospital_statistics_2012_2013.730"},{"type":"Feature","geometry":{"type":"Point","coordinates":[144.9523747,-37.300429]},"properties":{"establishment_id":"210403460","hospname":"Kilmore & District Hospital The","emergency_department":"No","state":"VIC","_2011_12_peer_group_code":"D1","_2012_13_peer_group_name":"Small public acute with surgery\/obstetrics","number_of_available_beds":28.42,"geocode_quality":"GEOMETRIC_CENTER","medicare_prov_number":null,"_2011_12_peer_group_name":"Small regional acute","remoteness_area_code":1,"_2012_13_peer_group_code":"S1","elective_surgery_reported":"No","unit":"Hospital","remoteness_area":"Inner Regional","address_line_1":"Rutledge Street","admissions_reported":"Yes","ogc_fid":251,"address_line_2":"Kilmore 3764","geocode_type":"route","outpatient_clinics":"No","longitude":144.9523747,"latitude":-37.300429,"parent_id":""},"id":"aihw_hospital_statistics_2012_2013.251"},{"type":"Feature","geometry":{"type":"Point","coordinates":[145.4309531,-37.2139576]},"properties":{"establishment_id":"210403590","hospname":"Yea & District Memorial Hospital","emergency_department":"No","state":"VIC","_2011_12_peer_group_code":"D2","_2012_13_peer_group_name":"Other small public acute","number_of_available_beds":10.0,"geocode_quality":"ROOFTOP","medicare_prov_number":null,"_2011_12_peer_group_name":"Small non-acute","remoteness_area_code":1,"_2012_13_peer_group_code":"S2","elective_surgery_reported":"No","unit":"Hospital","remoteness_area":"Inner Regional","address_line_1":"45 Station Street","admissions_reported":"Yes","ogc_fid":265,"address_line_2":"Yea 3717","geocode_type":"street_address","outpatient_clinics":"No","longitude":145.4309531,"latitude":-37.2139576,"parent_id":""},"id":"aihw_hospital_statistics_2012_2013.265"},{"type":"Feature","geometry":{"type":"Point","coordinates":[145.019078,-37.960472]},"properties":{"establishment_id":"210901360","hospname":"Sandringham & District Memorial Hospital","emergency_department":"Yes","state":"VIC","_2011_12_peer_group_code":"B1","_2012_13_peer_group_name":"Medium public acute","number_of_available_beds":89.09,"geocode_quality":"ROOFTOP","medicare_prov_number":null,"_2011_12_peer_group_name":"Large Major cities","remoteness_area_code":0,"_2012_13_peer_group_code":"M","elective_surgery_reported":"Yes","unit":"Campus","remoteness_area":"Major Cities","address_line_1":"193 Bluff Road","admissions_reported":"Yes","ogc_fid":268,"address_line_2":"Sandringham 3191","geocode_type":"street_address","outpatient_clinics":"Yes","longitude":145.019078,"latitude":-37.960472,"parent_id":"NET011519"},"id":"aihw_hospital_statistics_2012_2013.268"},{"type":"Feature","geometry":{"type":"Point","coordinates":[145.0602786,-37.7564117]},"properties":{"establishment_id":"NET003399","hospname":"Austin Health","emergency_department":"No","state":"VIC","_2011_12_peer_group_code":"A1","_2012_13_peer_group_name":null,"number_of_available_beds":null,"geocode_quality":"ROOFTOP","medicare_prov_number":"","_2011_12_peer_group_name":"Principal referral","remoteness_area_code":null,"_2012_13_peer_group_code":null,"elective_surgery_reported":"No","unit":"Network","remoteness_area":null,"address_line_1":"","admissions_reported":"No","ogc_fid":731,"address_line_2":"Various","geocode_type":"establishment","outpatient_clinics":"No","longitude":145.0602786,"latitude":-37.7564117,"parent_id":""},"id":"aihw_hospital_statistics_2012_2013.731"},{"type":"Feature","geometry":{"type":"Point","coordinates":[144.3372015,-38.1195359]},"properties":{"establishment_id":"210103040","hospname":"Grace McKellar Centre [Geelong]","emergency_department":"No","state":"VIC","_2011_12_peer_group_code":"G","_2012_13_peer_group_name":"Non-acute public-mixed subacute and non-acute","number_of_available_beds":100.0,"geocode_quality":"ROOFTOP","medicare_prov_number":null,"_2011_12_peer_group_name":"Un-peered and other","remoteness_area_code":0,"_2012_13_peer_group_code":"N2","elective_surgery_reported":"No","unit":"Campus","remoteness_area":"Major Cities","address_line_1":"45-95 Ballarat Road","admissions_reported":"Yes","ogc_fid":613,"address_line_2":"North Geelong 3215","geocode_type":"establishment","outpatient_clinics":"No","longitude":144.3372015,"latitude":-38.1195359,"parent_id":"NET010441"},"id":"aihw_hospital_statistics_2012_2013.613"},{"type":"Feature","geometry":{"type":"Point","coordinates":[144.434449,-37.678001]},"properties":{"establishment_id":"210203020","hospname":"Djerriwarrh Health Service [Bacchus Marsh]","emergency_department":"No","state":"VIC","_2011_12_peer_group_code":"C2","_2012_13_peer_group_name":"Small public acute with surgery\/obstetrics","number_of_available_beds":45.0,"geocode_quality":"ROOFTOP","medicare_prov_number":null,"_2011_12_peer_group_name":"Medium (group 2)","remoteness_area_code":1,"_2012_13_peer_group_code":"S1","elective_surgery_reported":"No","unit":"Campus","remoteness_area":"Inner Regional","address_line_1":"29-35 Grant Street","admissions_reported":"Yes","ogc_fid":627,"address_line_2":"Bacchus Marsh 3340","geocode_type":"establishment","outpatient_clinics":"No","longitude":144.434449,"latitude":-37.678001,"parent_id":"NET003020"},"id":"aihw_hospital_statistics_2012_2013.627"},{"type":"Feature","geometry":{"type":"Point","coordinates":[145.7172472,-37.1940818]},"properties":{"establishment_id":"210403010","hospname":"Alexandra District Hospital","emergency_department":"No","state":"VIC","_2011_12_peer_group_code":"D1","_2012_13_peer_group_name":"Small public acute with surgery\/obstetrics","number_of_available_beds":31.0,"geocode_quality":"ROOFTOP","medicare_prov_number":null,"_2011_12_peer_group_name":"Small regional acute","remoteness_area_code":1,"_2012_13_peer_group_code":"S1","elective_surgery_reported":"No","unit":"Hospital","remoteness_area":"Inner Regional","address_line_1":"20 Cooper Street","admissions_reported":"Yes","ogc_fid":657,"address_line_2":"Alexandra 3714","geocode_type":"establishment","outpatient_clinics":"No","longitude":145.7172472,"latitude":-37.1940818,"parent_id":""},"id":"aihw_hospital_statistics_2012_2013.657"},{"type":"Feature","geometry":{"type":"Point","coordinates":[145.8280001,-38.4304179]},"properties":{"establishment_id":"210502251","hospname":"Korumburra Hospital","emergency_department":"No","state":"VIC","_2011_12_peer_group_code":"D1","_2012_13_peer_group_name":"Small public acute with surgery\/obstetrics","number_of_available_beds":15.0,"geocode_quality":"ROOFTOP","medicare_prov_number":null,"_2011_12_peer_group_name":"Small regional acute","remoteness_area_code":1,"_2012_13_peer_group_code":"S1","elective_surgery_reported":"No","unit":"Campus","remoteness_area":"Inner Regional","address_line_1":"69-75 Bridge Street","admissions_reported":"Yes","ogc_fid":666,"address_line_2":"Korumburra 3950","geocode_type":"establishment","outpatient_clinics":"No","longitude":145.8280001,"latitude":-38.4304179,"parent_id":"NET003323"},"id":"aihw_hospital_statistics_2012_2013.666"},{"type":"Feature","geometry":{"type":"Point","coordinates":[145.11896299999998,-37.813664]},"properties":{"establishment_id":"210801050","hospname":"Box Hill Hospital","emergency_department":"Yes","state":"VIC","_2011_12_peer_group_code":"A1","_2012_13_peer_group_name":"Large public acute","number_of_available_beds":348.25,"geocode_quality":"ROOFTOP","medicare_prov_number":null,"_2011_12_peer_group_name":"Principal referral","remoteness_area_code":0,"_2012_13_peer_group_code":"L","elective_surgery_reported":"Yes","unit":"Campus","remoteness_area":"Major Cities","address_line_1":"51 Nelson Road","admissions_reported":"Yes","ogc_fid":672,"address_line_2":"Box Hill 3128","geocode_type":"establishment","outpatient_clinics":"Yes","longitude":145.118963,"latitude":-37.813664,"parent_id":"NET011518"},"id":"aihw_hospital_statistics_2012_2013.672"},{"type":"Feature","geometry":{"type":"Point","coordinates":[145.1233865,-37.9206682]},"properties":{"establishment_id":"210801170","hospname":"Monash Medical Centre [Clayton]","emergency_department":"Yes","state":"VIC","_2011_12_peer_group_code":"A1","_2012_13_peer_group_name":"Principal referral","number_of_available_beds":589.42,"geocode_quality":"ROOFTOP","medicare_prov_number":null,"_2011_12_peer_group_name":"Principal referral","remoteness_area_code":0,"_2012_13_peer_group_code":"PR","elective_surgery_reported":"Yes","unit":"Campus","remoteness_area":"Major Cities","address_line_1":"246 Clayton Road","admissions_reported":"Yes","ogc_fid":673,"address_line_2":"Clayton 3168","geocode_type":"establishment","outpatient_clinics":"Yes","longitude":145.1233865,"latitude":-37.9206682,"parent_id":"NET003289"},"id":"aihw_hospital_statistics_2012_2013.673"},{"type":"Feature","geometry":{"type":"Point","coordinates":[145.2439024,-37.8113963]},"properties":{"establishment_id":"210801210","hospname":"Maroondah Hospital [East Ringwood]","emergency_department":"Yes","state":"VIC","_2011_12_peer_group_code":"A1","_2012_13_peer_group_name":"Large public acute","number_of_available_beds":263.91,"geocode_quality":"ROOFTOP","medicare_prov_number":null,"_2011_12_peer_group_name":"Principal referral","remoteness_area_code":0,"_2012_13_peer_group_code":"L","elective_surgery_reported":"Yes","unit":"Campus","remoteness_area":"Major Cities","address_line_1":"1-15 Mt Dandenong Road","admissions_reported":"Yes","ogc_fid":674,"address_line_2":"Ringwood East 3135","geocode_type":"establishment","outpatient_clinics":"Yes","longitude":145.2439024,"latitude":-37.8113963,"parent_id":"NET011518"},"id":"aihw_hospital_statistics_2012_2013.674"},{"type":"Feature","geometry":{"type":"Point","coordinates":[145.0529941,-37.8090925]},"properties":{"establishment_id":"210801700","hospname":"St George's Health Service- Aged Care","emergency_department":"No","state":"VIC","_2011_12_peer_group_code":"D2","_2012_13_peer_group_name":"Non-acute public-rehabilitation and GEM","number_of_available_beds":124.0,"geocode_quality":"ROOFTOP","medicare_prov_number":null,"_2011_12_peer_group_name":"Small non-acute","remoteness_area_code":0,"_2012_13_peer_group_code":"N1","elective_surgery_reported":"No","unit":"Campus","remoteness_area":"Major Cities","address_line_1":"283 Cotham Road","admissions_reported":"Yes","ogc_fid":675,"address_line_2":"Kew 3101","geocode_type":"establishment","outpatient_clinics":"No","longitude":145.0529941,"latitude":-37.8090925,"parent_id":"210A01450"},"id":"aihw_hospital_statistics_2012_2013.675"},{"type":"Feature","geometry":{"type":"Point","coordinates":[145.015607,-37.804495]},"properties":{"establishment_id":"210802080","hospname":"Caritas Christi Hospice Ltd [Kew]","emergency_department":"No","state":"VIC","_2011_12_peer_group_code":"G","_2012_13_peer_group_name":"Non-acute public-rehabilitation and GEM","number_of_available_beds":28.0,"geocode_quality":"ROOFTOP","medicare_prov_number":null,"_2011_12_peer_group_name":"Un-peered and other","remoteness_area_code":0,"_2012_13_peer_group_code":"N1","elective_surgery_reported":"No","unit":"Campus","remoteness_area":"Major Cities","address_line_1":"104 Studley Park Road","admissions_reported":"Yes","ogc_fid":676,"address_line_2":"Kew 3101","geocode_type":"establishment","outpatient_clinics":"No","longitude":145.015607,"latitude":-37.804495,"parent_id":"210A01450"},"id":"aihw_hospital_statistics_2012_2013.676"},{"type":"Feature","geometry":{"type":"Point","coordinates":[145.06173399999997,-37.816657]},"properties":{"establishment_id":"210802100","hospname":"Mercy Health - O'Connell Family Centre","emergency_department":"No","state":"VIC","_2011_12_peer_group_code":"E5","_2012_13_peer_group_name":"Early parenting centres","number_of_available_beds":20.0,"geocode_quality":"ROOFTOP","medicare_prov_number":null,"_2011_12_peer_group_name":"Mothercraft","remoteness_area_code":0,"_2012_13_peer_group_code":"O1","elective_surgery_reported":"No","unit":"Campus","remoteness_area":"Major Cities","address_line_1":"6 Mont Albert Road","admissions_reported":"Yes","ogc_fid":677,"address_line_2":"Canterbury 3126","geocode_type":"establishment","outpatient_clinics":"No","longitude":145.061734,"latitude":-37.816657,"parent_id":"NET003388"},"id":"aihw_hospital_statistics_2012_2013.677"},{"type":"Feature","geometry":{"type":"Point","coordinates":[145.1646222,-37.8526299]},"properties":{"establishment_id":"210802120","hospname":"Peter James Centre The (East Burwood)","emergency_department":"No","state":"VIC","_2011_12_peer_group_code":"C2","_2012_13_peer_group_name":"Non-acute public-rehabilitation and GEM","number_of_available_beds":136.99,"geocode_quality":"ROOFTOP","medicare_prov_number":null,"_2011_12_peer_group_name":"Medium (group 2)","remoteness_area_code":0,"_2012_13_peer_group_code":"N1","elective_surgery_reported":"No","unit":"Campus","remoteness_area":"Major Cities","address_line_1":"321-345 Burwood Highway","admissions_reported":"Yes","ogc_fid":678,"address_line_2":"Forest Hill 3131","geocode_type":"establishment","outpatient_clinics":"No","longitude":145.1646222,"latitude":-37.8526299,"parent_id":"NET011518"},"id":"aihw_hospital_statistics_2012_2013.678"},{"type":"Feature","geometry":{"type":"Point","coordinates":[145.2254451,-37.84864879999999]},"properties":{"establishment_id":"210802330","hospname":"Wantirna Health","emergency_department":"No","state":"VIC","_2011_12_peer_group_code":"G","_2012_13_peer_group_name":"Non-acute public-rehabilitation and GEM","number_of_available_beds":57.67,"geocode_quality":"ROOFTOP","medicare_prov_number":null,"_2011_12_peer_group_name":"Un-peered and other","remoteness_area_code":0,"_2012_13_peer_group_code":"N1","elective_surgery_reported":"No","unit":"Campus","remoteness_area":"Major Cities","address_line_1":"251 Mountain Highway","admissions_reported":"Yes","ogc_fid":679,"address_line_2":"Wantirna 3152","geocode_type":"establishment","outpatient_clinics":"No","longitude":145.2254451,"latitude":-37.8486488,"parent_id":"NET011518"},"id":"aihw_hospital_statistics_2012_2013.679"},{"type":"Feature","geometry":{"type":"Point","coordinates":[145.021451,-37.7879447]},"properties":{"establishment_id":"210803220","hospname":"Royal Talbot Rehabilitation Centre [Kew]","emergency_department":"No","state":"VIC","_2011_12_peer_group_code":"G","_2012_13_peer_group_name":"Non-acute public-mixed subacute and non-acute","number_of_available_beds":76.58,"geocode_quality":"ROOFTOP","medicare_prov_number":null,"_2011_12_peer_group_name":"Un-peered and other","remoteness_area_code":0,"_2012_13_peer_group_code":"N2","elective_surgery_reported":"No","unit":"Campus","remoteness_area":"Major Cities","address_line_1":"1 Yarra Boulevard","admissions_reported":"Yes","ogc_fid":680,"address_line_2":"Kew 3101","geocode_type":"establishment","outpatient_clinics":"No","longitude":145.021451,"latitude":-37.7879447,"parent_id":"NET003399"},"id":"aihw_hospital_statistics_2012_2013.680"},{"type":"Feature","geometry":{"type":"Point","coordinates":[145.5289012,-37.6469556]},"properties":{"establishment_id":"210803330","hospname":"Healesville and District Hospital","emergency_department":"No","state":"VIC","_2011_12_peer_group_code":"D2","_2012_13_peer_group_name":"Small public acute with surgery\/obstetrics","number_of_available_beds":19.0,"geocode_quality":"ROOFTOP","medicare_prov_number":null,"_2011_12_peer_group_name":"Small non-acute","remoteness_area_code":1,"_2012_13_peer_group_code":"S1","elective_surgery_reported":"No","unit":"Campus","remoteness_area":"Inner Regional","address_line_1":"377 Maroondah Highway","admissions_reported":"Yes","ogc_fid":681,"address_line_2":"Healesville 3777","geocode_type":"establishment","outpatient_clinics":"No","longitude":145.5289012,"latitude":-37.6469556,"parent_id":"NET011518"},"id":"aihw_hospital_statistics_2012_2013.681"},{"type":"Feature","geometry":{"type":"Point","coordinates":[145.351389,-37.756316]},"properties":{"establishment_id":"210803690","hospname":"Yarra Ranges Health","emergency_department":"No","state":"VIC","_2011_12_peer_group_code":"G","_2012_13_peer_group_name":"Other day procedure hospital","number_of_available_beds":16.0,"geocode_quality":"ROOFTOP","medicare_prov_number":null,"_2011_12_peer_group_name":"Un-peered and other","remoteness_area_code":0,"_2012_13_peer_group_code":"O4","elective_surgery_reported":"No","unit":"Campus","remoteness_area":"Major Cities","address_line_1":"25 Market Street","admissions_reported":"Yes","ogc_fid":682,"address_line_2":"Lilydale 3140","geocode_type":"establishment","outpatient_clinics":"No","longitude":145.351389,"latitude":-37.756316,"parent_id":"NET011518"},"id":"aihw_hospital_statistics_2012_2013.682"},{"type":"Feature","geometry":{"type":"Point","coordinates":[145.0629937,-37.9214925]},"properties":{"establishment_id":"210901220","hospname":"Monash Medical Centre [Moorabbin]","emergency_department":"No","state":"VIC","_2011_12_peer_group_code":"B1","_2012_13_peer_group_name":"Large public acute","number_of_available_beds":110.83,"geocode_quality":"ROOFTOP","medicare_prov_number":null,"_2011_12_peer_group_name":"Large Major cities","remoteness_area_code":0,"_2012_13_peer_group_code":"L","elective_surgery_reported":"Yes","unit":"Campus","remoteness_area":"Major Cities","address_line_1":"823-865 Centre Road","admissions_reported":"Yes","ogc_fid":683,"address_line_2":"East Bentleigh 3165","geocode_type":"establishment","outpatient_clinics":"Yes","longitude":145.0629937,"latitude":-37.9214925,"parent_id":"NET003289"},"id":"aihw_hospital_statistics_2012_2013.683"},{"type":"Feature","geometry":{"type":"Point","coordinates":[144.8849166,-38.3623626]},"properties":{"establishment_id":"210901250","hospname":"Rosebud Hospital","emergency_department":"Yes","state":"VIC","_2011_12_peer_group_code":"C2","_2012_13_peer_group_name":"Medium public acute","number_of_available_beds":71.0,"geocode_quality":"ROOFTOP","medicare_prov_number":null,"_2011_12_peer_group_name":"Medium (group 2)","remoteness_area_code":0,"_2012_13_peer_group_code":"M","elective_surgery_reported":"No","unit":"Campus","remoteness_area":"Major Cities","address_line_1":"1527 Point Nepean Road","admissions_reported":"Yes","ogc_fid":684,"address_line_2":"Rosebud 3939","geocode_type":"establishment","outpatient_clinics":"No","longitude":144.8849166,"latitude":-38.3623626,"parent_id":"NET003285"},"id":"aihw_hospital_statistics_2012_2013.684"},{"type":"Feature","geometry":{"type":"Point","coordinates":[145.0158661,-37.8838214]},"properties":{"establishment_id":"210901370","hospname":"Caulfield General Medical Centre","emergency_department":"No","state":"VIC","_2011_12_peer_group_code":"C2","_2012_13_peer_group_name":"Non-acute public-rehabilitation and GEM","number_of_available_beds":216.17,"geocode_quality":"ROOFTOP","medicare_prov_number":null,"_2011_12_peer_group_name":"Medium (group 2)","remoteness_area_code":0,"_2012_13_peer_group_code":"N1","elective_surgery_reported":"No","unit":"Campus","remoteness_area":"Major Cities","address_line_1":"260-294 Kooyong Road","admissions_reported":"Yes","ogc_fid":685,"address_line_2":"Caulfield 3162","geocode_type":"establishment","outpatient_clinics":"No","longitude":145.0158661,"latitude":-37.8838214,"parent_id":"NET011519"},"id":"aihw_hospital_statistics_2012_2013.685"},{"type":"Feature","geometry":{"type":"Point","coordinates":[145.4843879,-38.2004262]},"properties":{"establishment_id":"210901480","hospname":"Kooweerup Regional Health Service","emergency_department":"No","state":"VIC","_2011_12_peer_group_code":"G","_2012_13_peer_group_name":"Very small public","number_of_available_beds":12.0,"geocode_quality":"ROOFTOP","medicare_prov_number":null,"_2011_12_peer_group_name":"Un-peered and other","remoteness_area_code":1,"_2012_13_peer_group_code":"VS","elective_surgery_reported":"No","unit":"Hospital","remoteness_area":"Inner Regional","address_line_1":"215 Rossiter Road","admissions_reported":"Yes","ogc_fid":686,"address_line_2":"Koo Wee Rup 3981","geocode_type":"establishment","outpatient_clinics":"No","longitude":145.4843879,"latitude":-38.2004262,"parent_id":""},"id":"aihw_hospital_statistics_2012_2013.686"},{"type":"Feature","geometry":{"type":"Point","coordinates":[145.07857169999997,-37.95503109999999]},"properties":{"establishment_id":"210902030","hospname":"Kingston Centre [Cheltenham]","emergency_department":"No","state":"VIC","_2011_12_peer_group_code":"D2","_2012_13_peer_group_name":"Non-acute public-mixed subacute and non-acute","number_of_available_beds":175.0,"geocode_quality":"ROOFTOP","medicare_prov_number":null,"_2011_12_peer_group_name":"Small non-acute","remoteness_area_code":0,"_2012_13_peer_group_code":"N2","elective_surgery_reported":"No","unit":"Campus","remoteness_area":"Major Cities","address_line_1":"400 Warrigal Road","admissions_reported":"Yes","ogc_fid":687,"address_line_2":"Cheltenham 3192","geocode_type":"establishment","outpatient_clinics":"No","longitude":145.0785717,"latitude":-37.9550311,"parent_id":"NET003289"},"id":"aihw_hospital_statistics_2012_2013.687"},{"type":"Feature","geometry":{"type":"Point","coordinates":[145.2184844,-37.9769435]},"properties":{"establishment_id":"210902111","hospname":"Dandenong Campus","emergency_department":"Yes","state":"VIC","_2011_12_peer_group_code":"A1","_2012_13_peer_group_name":"Large public acute","number_of_available_beds":449.5,"geocode_quality":"ROOFTOP","medicare_prov_number":null,"_2011_12_peer_group_name":"Principal referral","remoteness_area_code":0,"_2012_13_peer_group_code":"L","elective_surgery_reported":"Yes","unit":"Campus","remoteness_area":"Major Cities","address_line_1":"105-135 David Street","admissions_reported":"Yes","ogc_fid":688,"address_line_2":"Dandenong 3175","geocode_type":"establishment","outpatient_clinics":"Yes","longitude":145.2184844,"latitude":-37.9769435,"parent_id":"NET003289"},"id":"aihw_hospital_statistics_2012_2013.688"},{"type":"Feature","geometry":{"type":"Point","coordinates":[145.28064299999997,-38.113329]},"properties":{"establishment_id":"210902112","hospname":"Cranbourne Integrated Care Centre","emergency_department":"No","state":"VIC","_2011_12_peer_group_code":"C2","_2012_13_peer_group_name":"Other day procedure hospital","number_of_available_beds":21.92,"geocode_quality":"ROOFTOP","medicare_prov_number":null,"_2011_12_peer_group_name":"Medium (group 2)","remoteness_area_code":0,"_2012_13_peer_group_code":"O4","elective_surgery_reported":"Yes","unit":"Campus","remoteness_area":"Major Cities","address_line_1":"140-154 Sladen Street","admissions_reported":"Yes","ogc_fid":689,"address_line_2":"Cranbourne 3977","geocode_type":"establishment","outpatient_clinics":"No","longitude":145.280643,"latitude":-38.113329,"parent_id":"NET003289"},"id":"aihw_hospital_statistics_2012_2013.689"},{"type":"Feature","geometry":{"type":"Point","coordinates":[145.1276749,-38.14968749999999]},"properties":{"establishment_id":"210902220","hospname":"Frankston Hospital","emergency_department":"Yes","state":"VIC","_2011_12_peer_group_code":"A1","_2012_13_peer_group_name":"Large public acute","number_of_available_beds":375.5,"geocode_quality":"ROOFTOP","medicare_prov_number":null,"_2011_12_peer_group_name":"Principal referral","remoteness_area_code":0,"_2012_13_peer_group_code":"L","elective_surgery_reported":"Yes","unit":"Campus","remoteness_area":"Major Cities","address_line_1":"2 Hastings Road","admissions_reported":"Yes","ogc_fid":690,"address_line_2":"Frankston 3199","geocode_type":"establishment","outpatient_clinics":"Yes","longitude":145.1276749,"latitude":-38.1496875,"parent_id":"NET003285"},"id":"aihw_hospital_statistics_2012_2013.690"},{"type":"Feature","geometry":{"type":"Point","coordinates":[145.0134691,-37.8967511]},"properties":{"establishment_id":"210903050","hospname":"Calvary Health Care Bethlehem Ltd","emergency_department":"No","state":"VIC","_2011_12_peer_group_code":"G","_2012_13_peer_group_name":"Non-acute public-rehabilitation and GEM","number_of_available_beds":68.67,"geocode_quality":"ROOFTOP","medicare_prov_number":null,"_2011_12_peer_group_name":"Un-peered and other","remoteness_area_code":0,"_2012_13_peer_group_code":"N1","elective_surgery_reported":"No","unit":"Hospital","remoteness_area":"Major Cities","address_line_1":"476 Kooyong Road","admissions_reported":"Yes","ogc_fid":691,"address_line_2":"Caulfield 3162","geocode_type":"establishment","outpatient_clinics":"No","longitude":145.0134691,"latitude":-37.8967511,"parent_id":""},"id":"aihw_hospital_statistics_2012_2013.691"},{"type":"Feature","geometry":{"type":"Point","coordinates":[145.17845199999996,-37.972068]},"properties":{"establishment_id":"210903110","hospname":"Queen Elizabeth Centre [Noble Park]","emergency_department":"No","state":"VIC","_2011_12_peer_group_code":"E5","_2012_13_peer_group_name":"Early parenting centres","number_of_available_beds":37.67,"geocode_quality":"ROOFTOP","medicare_prov_number":null,"_2011_12_peer_group_name":"Mothercraft","remoteness_area_code":0,"_2012_13_peer_group_code":"O1","elective_surgery_reported":"No","unit":"Hospital","remoteness_area":"Major Cities","address_line_1":"53 Thomas Street","admissions_reported":"Yes","ogc_fid":692,"address_line_2":"Noble Park 3174","geocode_type":"establishment","outpatient_clinics":"No","longitude":145.178452,"latitude":-37.972068,"parent_id":""},"id":"aihw_hospital_statistics_2012_2013.692"},{"type":"Feature","geometry":{"type":"Point","coordinates":[145.3475889,-38.0450362]},"properties":{"establishment_id":"210903660","hospname":"Casey Hospital","emergency_department":"Yes","state":"VIC","_2011_12_peer_group_code":"A1","_2012_13_peer_group_name":"Medium public acute","number_of_available_beds":220.75,"geocode_quality":"ROOFTOP","medicare_prov_number":null,"_2011_12_peer_group_name":"Principal referral","remoteness_area_code":0,"_2012_13_peer_group_code":"M","elective_surgery_reported":"Yes","unit":"Campus","remoteness_area":"Major Cities","address_line_1":"52 Kangan Drive","admissions_reported":"Yes","ogc_fid":693,"address_line_2":"Berwick 3806","geocode_type":"establishment","outpatient_clinics":"Yes","longitude":145.3475889,"latitude":-38.0450362,"parent_id":"NET003289"},"id":"aihw_hospital_statistics_2012_2013.693"},{"type":"Feature","geometry":{"type":"Point","coordinates":[145.14981419999998,-38.1734671]},"properties":{"establishment_id":"210904083","hospname":"Golf Links Road Rehabilitation Centre and PCU","emergency_department":"No","state":"VIC","_2011_12_peer_group_code":"G","_2012_13_peer_group_name":"Non-acute public-rehabilitation and GEM","number_of_available_beds":73.33,"geocode_quality":"ROOFTOP","medicare_prov_number":null,"_2011_12_peer_group_name":"Un-peered and other","remoteness_area_code":0,"_2012_13_peer_group_code":"N1","elective_surgery_reported":"No","unit":"Campus","remoteness_area":"Major Cities","address_line_1":"125 Golf Links Road","admissions_reported":"Yes","ogc_fid":694,"address_line_2":"Frankston 3199","geocode_type":"establishment","outpatient_clinics":"No","longitude":145.1498142,"latitude":-38.1734671,"parent_id":"NET003285"},"id":"aihw_hospital_statistics_2012_2013.694"},{"type":"Feature","geometry":{"type":"Point","coordinates":[145.0412189,-38.2302218]},"properties":{"establishment_id":"210904084","hospname":"The Mornington Centre","emergency_department":"No","state":"VIC","_2011_12_peer_group_code":"G","_2012_13_peer_group_name":"Non-acute public-mixed subacute and non-acute","number_of_available_beds":63.0,"geocode_quality":"ROOFTOP","medicare_prov_number":null,"_2011_12_peer_group_name":"Un-peered and other","remoteness_area_code":0,"_2012_13_peer_group_code":"N2","elective_surgery_reported":"No","unit":"Campus","remoteness_area":"Major Cities","address_line_1":"Corner of Tyalla Grove and Separation Street","admissions_reported":"Yes","ogc_fid":695,"address_line_2":"Mornington 3931","geocode_type":"establishment","outpatient_clinics":"No","longitude":145.0412189,"latitude":-38.2302218,"parent_id":"NET003285"},"id":"aihw_hospital_statistics_2012_2013.695"},{"type":"Feature","geometry":{"type":"Point","coordinates":[144.9818517,-37.84596039999999]},"properties":{"establishment_id":"210A01010","hospname":"Alfred The","emergency_department":"Yes","state":"VIC","_2011_12_peer_group_code":"A1","_2012_13_peer_group_name":"Principal referral","number_of_available_beds":674.08,"geocode_quality":"ROOFTOP","medicare_prov_number":null,"_2011_12_peer_group_name":"Principal referral","remoteness_area_code":0,"_2012_13_peer_group_code":"PR","elective_surgery_reported":"Yes","unit":"Campus","remoteness_area":"Major Cities","address_line_1":"55 Commercial Road","admissions_reported":"Yes","ogc_fid":696,"address_line_2":"Prahran 3181","geocode_type":"establishment","outpatient_clinics":"Yes","longitude":144.9818517,"latitude":-37.8459604,"parent_id":"NET011519"},"id":"aihw_hospital_statistics_2012_2013.696"},{"type":"Feature","geometry":{"type":"Point","coordinates":[145.0602786,-37.7564117]},"properties":{"establishment_id":"210A01031","hospname":"Austin Hospital [Heidelberg]","emergency_department":"Yes","state":"VIC","_2011_12_peer_group_code":"A1","_2012_13_peer_group_name":"Principal referral","number_of_available_beds":596.75,"geocode_quality":"ROOFTOP","medicare_prov_number":"","_2011_12_peer_group_name":"Principal referral","remoteness_area_code":0,"_2012_13_peer_group_code":"PR","elective_surgery_reported":"Yes","unit":"Campus","remoteness_area":"Major Cities","address_line_1":"145 Studley Road","admissions_reported":"Yes","ogc_fid":697,"address_line_2":"Heidelberg 3084","geocode_type":"establishment","outpatient_clinics":"Yes","longitude":145.0602786,"latitude":-37.7564117,"parent_id":"NET003399"},"id":"aihw_hospital_statistics_2012_2013.697"},{"type":"Feature","geometry":{"type":"Point","coordinates":[145.04771569999997,-37.7545796]},"properties":{"establishment_id":"210A01032","hospname":"Austin Hospital [Heidelberg Repatriation Hospital]","emergency_department":"No","state":"VIC","_2011_12_peer_group_code":"C1","_2012_13_peer_group_name":"Small public acute with surgery\/obstetrics","number_of_available_beds":193.91,"geocode_quality":"ROOFTOP","medicare_prov_number":"","_2011_12_peer_group_name":"Medium (group 1)","remoteness_area_code":0,"_2012_13_peer_group_code":"S1","elective_surgery_reported":"No","unit":"Campus","remoteness_area":"Major Cities","address_line_1":"300 Waterdale Road","admissions_reported":"Yes","ogc_fid":698,"address_line_2":"Heidelberg West 3081","geocode_type":"establishment","outpatient_clinics":"No","longitude":145.0477157,"latitude":-37.7545796,"parent_id":"NET003399"},"id":"aihw_hospital_statistics_2012_2013.698"},{"type":"Feature","geometry":{"type":"Point","coordinates":[145.0553443,-37.7013297]},"properties":{"establishment_id":"210A01090","hospname":"Bundoora Extended Care Centre","emergency_department":"No","state":"VIC","_2011_12_peer_group_code":"D2","_2012_13_peer_group_name":"Non-acute public-mixed subacute and non-acute","number_of_available_beds":74.33,"geocode_quality":"ROOFTOP","medicare_prov_number":"","_2011_12_peer_group_name":"Small non-acute","remoteness_area_code":0,"_2012_13_peer_group_code":"N2","elective_surgery_reported":"No","unit":"Campus","remoteness_area":"Major Cities","address_line_1":"1231 Plenty Road","admissions_reported":"Yes","ogc_fid":699,"address_line_2":"Bundoora 3083","geocode_type":"establishment","outpatient_clinics":"No","longitude":145.0553443,"latitude":-37.7013297,"parent_id":"NET011517"},"id":"aihw_hospital_statistics_2012_2013.699"},{"type":"Feature","geometry":{"type":"Point","coordinates":[145.0611484,-37.7561681]},"properties":{"establishment_id":"210A01160","hospname":"Mercy Hospital for Women","emergency_department":"Yes","state":"VIC","_2011_12_peer_group_code":"A1","_2012_13_peer_group_name":"Womens","number_of_available_beds":152.91,"geocode_quality":"ROOFTOP","medicare_prov_number":"","_2011_12_peer_group_name":"Principal referral","remoteness_area_code":0,"_2012_13_peer_group_code":"W1","elective_surgery_reported":"Yes","unit":"Campus","remoteness_area":"Major Cities","address_line_1":"163 Studley Road","admissions_reported":"Yes","ogc_fid":700,"address_line_2":"Heidelberg 3084","geocode_type":"establishment","outpatient_clinics":"Yes","longitude":145.0611484,"latitude":-37.7561681,"parent_id":"NET003388"},"id":"aihw_hospital_statistics_2012_2013.700"},{"type":"Feature","geometry":{"type":"Point","coordinates":[144.8869177,-37.7921983]},"properties":{"establishment_id":"210A01180","hospname":"Western Hospital [Footscray]","emergency_department":"Yes","state":"VIC","_2011_12_peer_group_code":"A1","_2012_13_peer_group_name":"Large public acute","number_of_available_beds":343.83,"geocode_quality":"ROOFTOP","medicare_prov_number":"","_2011_12_peer_group_name":"Principal referral","remoteness_area_code":0,"_2012_13_peer_group_code":"L","elective_surgery_reported":"Yes","unit":"Campus","remoteness_area":"Major Cities","address_line_1":"160 Gordon Street","admissions_reported":"Yes","ogc_fid":701,"address_line_2":"Footscray 3011","geocode_type":"establishment","outpatient_clinics":"Yes","longitude":144.8869177,"latitude":-37.7921983,"parent_id":"NET011515"},"id":"aihw_hospital_statistics_2012_2013.701"},{"type":"Feature","geometry":{"type":"Point","coordinates":[144.9491788,-37.79419159999999]},"properties":{"establishment_id":"210A01191","hospname":"Royal Children's Hospital [Parkville]","emergency_department":"Yes","state":"VIC","_2011_12_peer_group_code":"A2","_2012_13_peer_group_name":"Childrens","number_of_available_beds":306.83,"geocode_quality":"ROOFTOP","medicare_prov_number":"","_2011_12_peer_group_name":"Specialist womens and childrens","remoteness_area_code":0,"_2012_13_peer_group_code":"W3","elective_surgery_reported":"Yes","unit":"Hospital","remoteness_area":"Major Cities","address_line_1":"50 Flemington Road","admissions_reported":"Yes","ogc_fid":702,"address_line_2":"Parkville 3052","geocode_type":"establishment","outpatient_clinics":"Yes","longitude":144.9491788,"latitude":-37.7941916,"parent_id":""},"id":"aihw_hospital_statistics_2012_2013.702"},{"type":"Feature","geometry":{"type":"Point","coordinates":[144.9548579,-37.7986147]},"properties":{"establishment_id":"210A01230","hospname":"Royal Women's Hospital [Carlton]","emergency_department":"Yes","state":"VIC","_2011_12_peer_group_code":"A2","_2012_13_peer_group_name":"Womens","number_of_available_beds":196.0,"geocode_quality":"ROOFTOP","medicare_prov_number":"","_2011_12_peer_group_name":"Specialist womens and childrens","remoteness_area_code":0,"_2012_13_peer_group_code":"W1","elective_surgery_reported":"Yes","unit":"Hospital","remoteness_area":"Major Cities","address_line_1":"20 Flemington Road","admissions_reported":"Yes","ogc_fid":703,"address_line_2":"Parkville 3052","geocode_type":"establishment","outpatient_clinics":"Yes","longitude":144.9548579,"latitude":-37.7986147,"parent_id":""},"id":"aihw_hospital_statistics_2012_2013.703"},{"type":"Feature","geometry":{"type":"Point","coordinates":[144.9761133,-37.809157899999995]},"properties":{"establishment_id":"210A01240","hospname":"Royal Victorian Eye & Ear Hospital, The","emergency_department":"Yes","state":"VIC","_2011_12_peer_group_code":"B1","_2012_13_peer_group_name":"Other public acute specialised","number_of_available_beds":55.75,"geocode_quality":"ROOFTOP","medicare_prov_number":"","_2011_12_peer_group_name":"Large Major cities","remoteness_area_code":0,"_2012_13_peer_group_code":"O3","elective_surgery_reported":"Yes","unit":"Hospital","remoteness_area":"Major Cities","address_line_1":"32 Gisborne Street","admissions_reported":"Yes","ogc_fid":704,"address_line_2":"East Melbourne 3002","geocode_type":"establishment","outpatient_clinics":"Yes","longitude":144.9761133,"latitude":-37.8091579,"parent_id":""},"id":"aihw_hospital_statistics_2012_2013.704"},{"type":"Feature","geometry":{"type":"Point","coordinates":[145.0144858,-37.652886]},"properties":{"establishment_id":"210A01280","hospname":"Northern Hospital The [Epping]","emergency_department":"Yes","state":"VIC","_2011_12_peer_group_code":"A1","_2012_13_peer_group_name":"Large public acute","number_of_available_beds":365.09,"geocode_quality":"ROOFTOP","medicare_prov_number":"","_2011_12_peer_group_name":"Principal referral","remoteness_area_code":0,"_2012_13_peer_group_code":"L","elective_surgery_reported":"Yes","unit":"Campus","remoteness_area":"Major Cities","address_line_1":"185 Cooper Street","admissions_reported":"Yes","ogc_fid":705,"address_line_2":"Epping 3076","geocode_type":"establishment","outpatient_clinics":"Yes","longitude":145.0144858,"latitude":-37.652886,"parent_id":"NET011517"},"id":"aihw_hospital_statistics_2012_2013.705"},{"type":"Feature","geometry":{"type":"Point","coordinates":[144.69810409999997,-37.8870435]},"properties":{"establishment_id":"210A01320","hospname":"Mercy Public Hospital Inc.[Werribee]","emergency_department":"Yes","state":"VIC","_2011_12_peer_group_code":"B1","_2012_13_peer_group_name":"Medium public acute","number_of_available_beds":172.67,"geocode_quality":"ROOFTOP","medicare_prov_number":"","_2011_12_peer_group_name":"Large Major cities","remoteness_area_code":0,"_2012_13_peer_group_code":"M","elective_surgery_reported":"Yes","unit":"Campus","remoteness_area":"Major Cities","address_line_1":"300 Princes Highway","admissions_reported":"Yes","ogc_fid":706,"address_line_2":"Werribee 3030","geocode_type":"establishment","outpatient_clinics":"Yes","longitude":144.6981041,"latitude":-37.8870435,"parent_id":"NET003388"},"id":"aihw_hospital_statistics_2012_2013.706"},{"type":"Feature","geometry":{"type":"Point","coordinates":[144.8869364,-37.7911887]},"properties":{"establishment_id":"210A01332","hospname":"Orygen Inpatient Unit","emergency_department":"No","state":"VIC","_2011_12_peer_group_code":"G","_2012_13_peer_group_name":"Psychiatric public","number_of_available_beds":16.0,"geocode_quality":"ROOFTOP","medicare_prov_number":"","_2011_12_peer_group_name":"Un-peered and other","remoteness_area_code":0,"_2012_13_peer_group_code":"Ps","elective_surgery_reported":"No","unit":"Campus","remoteness_area":"Major Cities","address_line_1":"35 Mavis Street","admissions_reported":"Yes","ogc_fid":707,"address_line_2":"Footscray 3011","geocode_type":"establishment","outpatient_clinics":"No","longitude":144.8869364,"latitude":-37.7911887,"parent_id":"NET011520"},"id":"aihw_hospital_statistics_2012_2013.707"},{"type":"Feature","geometry":{"type":"Point","coordinates":[144.956539,-37.799552]},"properties":{"establishment_id":"210A01334","hospname":"Royal Melbourne Hospital [Parkville]","emergency_department":"Yes","state":"VIC","_2011_12_peer_group_code":"A1","_2012_13_peer_group_name":"Principal referral","number_of_available_beds":670.75,"geocode_quality":"ROOFTOP","medicare_prov_number":"","_2011_12_peer_group_name":"Principal referral","remoteness_area_code":0,"_2012_13_peer_group_code":"PR","elective_surgery_reported":"Yes","unit":"Campus","remoteness_area":"Major Cities","address_line_1":"300 Grattan Street","admissions_reported":"Yes","ogc_fid":708,"address_line_2":"Parkville 3050","geocode_type":"establishment","outpatient_clinics":"Yes","longitude":144.956539,"latitude":-37.799552,"parent_id":"NET011520"},"id":"aihw_hospital_statistics_2012_2013.708"},{"type":"Feature","geometry":{"type":"Point","coordinates":[144.9468938,-37.77894539999999]},"properties":{"establishment_id":"210A01335","hospname":"Royal Melbourne Hospital- Royal Park Campus","emergency_department":"No","state":"VIC","_2011_12_peer_group_code":"D2","_2012_13_peer_group_name":"Non-acute public-mixed subacute and non-acute","number_of_available_beds":114.0,"geocode_quality":"ROOFTOP","medicare_prov_number":"","_2011_12_peer_group_name":"Small non-acute","remoteness_area_code":0,"_2012_13_peer_group_code":"N2","elective_surgery_reported":"No","unit":"Campus","remoteness_area":"Major Cities","address_line_1":"34-54 Poplar Road","admissions_reported":"Yes","ogc_fid":709,"address_line_2":"Parkville 3052","geocode_type":"establishment","outpatient_clinics":"No","longitude":144.9468938,"latitude":-37.7789454,"parent_id":"NET011520"},"id":"aihw_hospital_statistics_2012_2013.709"},{"type":"Feature","geometry":{"type":"Point","coordinates":[144.815301,-37.7602193]},"properties":{"establishment_id":"210A01390","hospname":"Sunshine Hospital","emergency_department":"Yes","state":"VIC","_2011_12_peer_group_code":"A1","_2012_13_peer_group_name":"Medium public acute","number_of_available_beds":401.83,"geocode_quality":"ROOFTOP","medicare_prov_number":"","_2011_12_peer_group_name":"Principal referral","remoteness_area_code":0,"_2012_13_peer_group_code":"M","elective_surgery_reported":"Yes","unit":"Campus","remoteness_area":"Major Cities","address_line_1":"176 Furlong Road","admissions_reported":"Yes","ogc_fid":710,"address_line_2":"St Albans 3021","geocode_type":"establishment","outpatient_clinics":"Yes","longitude":144.815301,"latitude":-37.7602193,"parent_id":"NET011515"},"id":"aihw_hospital_statistics_2012_2013.710"},{"type":"Feature","geometry":{"type":"Point","coordinates":[144.9750294,-37.8075864]},"properties":{"establishment_id":"210A01450","hospname":"St Vincent's Hospital [Fitzroy]","emergency_department":"Yes","state":"VIC","_2011_12_peer_group_code":"A1","_2012_13_peer_group_name":"Principal referral","number_of_available_beds":541.92,"geocode_quality":"ROOFTOP","medicare_prov_number":"","_2011_12_peer_group_name":"Principal referral","remoteness_area_code":0,"_2012_13_peer_group_code":"PR","elective_surgery_reported":"Yes","unit":"Hospital","remoteness_area":"Major Cities","address_line_1":"41 Victoria Parade","admissions_reported":"Yes","ogc_fid":711,"address_line_2":"Fitzroy 3065","geocode_type":"establishment","outpatient_clinics":"Yes","longitude":144.9750294,"latitude":-37.8075864,"parent_id":""},"id":"aihw_hospital_statistics_2012_2013.711"},{"type":"Feature","geometry":{"type":"Point","coordinates":[144.8926764,-37.8637234]},"properties":{"establishment_id":"210A01460","hospname":"Williamstown Hospital","emergency_department":"Yes","state":"VIC","_2011_12_peer_group_code":"C2","_2012_13_peer_group_name":"Medium public acute","number_of_available_beds":83.75,"geocode_quality":"ROOFTOP","medicare_prov_number":"","_2011_12_peer_group_name":"Medium (group 2)","remoteness_area_code":0,"_2012_13_peer_group_code":"M","elective_surgery_reported":"Yes","unit":"Campus","remoteness_area":"Major Cities","address_line_1":"77B Railway Crescent","admissions_reported":"Yes","ogc_fid":712,"address_line_2":"Williamstown 3016","geocode_type":"establishment","outpatient_clinics":"No","longitude":144.8926764,"latitude":-37.8637234,"parent_id":"NET011515"},"id":"aihw_hospital_statistics_2012_2013.712"},{"type":"Feature","geometry":{"type":"Point","coordinates":[144.956495,-37.8005435]},"properties":{"establishment_id":"210A01550","hospname":"Peter MacCallum Cancer Institute","emergency_department":"No","state":"VIC","_2011_12_peer_group_code":"B1","_2012_13_peer_group_name":"Other public acute specialised","number_of_available_beds":129.42,"geocode_quality":"ROOFTOP","medicare_prov_number":"","_2011_12_peer_group_name":"Large Major cities","remoteness_area_code":0,"_2012_13_peer_group_code":"O3","elective_surgery_reported":"Yes","unit":"Hospital","remoteness_area":"Major Cities","address_line_1":"2 St Andrews Place","admissions_reported":"Yes","ogc_fid":713,"address_line_2":"East Melbourne 3002","geocode_type":"establishment","outpatient_clinics":"Yes","longitude":144.956495,"latitude":-37.8005435,"parent_id":""},"id":"aihw_hospital_statistics_2012_2013.713"},{"type":"Feature","geometry":{"type":"Point","coordinates":[144.8873488,-37.7974912]},"properties":{"establishment_id":"210A01900","hospname":"Tweddle Child & Family Health Centre [Footscray]","emergency_department":"No","state":"VIC","_2011_12_peer_group_code":"E5","_2012_13_peer_group_name":"Early parenting centres","number_of_available_beds":29.42,"geocode_quality":"ROOFTOP","medicare_prov_number":"","_2011_12_peer_group_name":"Mothercraft","remoteness_area_code":0,"_2012_13_peer_group_code":"O1","elective_surgery_reported":"No","unit":"Hospital","remoteness_area":"Major Cities","address_line_1":"53 Adelaide Street","admissions_reported":"Yes","ogc_fid":714,"address_line_2":"Footscray 3011","geocode_type":"establishment","outpatient_clinics":"No","longitude":144.8873488,"latitude":-37.7974912,"parent_id":""},"id":"aihw_hospital_statistics_2012_2013.714"},{"type":"Feature","geometry":{"type":"Point","coordinates":[144.7325366,-37.5766271]},"properties":{"establishment_id":"210A02700","hospname":"Sunbury Day Hospital","emergency_department":"No","state":"VIC","_2011_12_peer_group_code":"G","_2012_13_peer_group_name":"Other day procedure hospital","number_of_available_beds":27.0,"geocode_quality":"ROOFTOP","medicare_prov_number":"","_2011_12_peer_group_name":"Un-peered and other","remoteness_area_code":0,"_2012_13_peer_group_code":"O4","elective_surgery_reported":"No","unit":"Campus","remoteness_area":"Major Cities","address_line_1":"7 Macedon Street","admissions_reported":"Yes","ogc_fid":715,"address_line_2":"Sunbury 3429","geocode_type":"establishment","outpatient_clinics":"No","longitude":144.7325366,"latitude":-37.5766271,"parent_id":"NET011515"},"id":"aihw_hospital_statistics_2012_2013.715"},{"type":"Feature","geometry":{"type":"Point","coordinates":[144.91273640000003,-37.6845675]},"properties":{"establishment_id":"210A02970","hospname":"Broadmeadows Health Service","emergency_department":"No","state":"VIC","_2011_12_peer_group_code":"C2","_2012_13_peer_group_name":"Small public acute with surgery\/obstetrics","number_of_available_beds":130.34,"geocode_quality":"ROOFTOP","medicare_prov_number":"","_2011_12_peer_group_name":"Medium (group 2)","remoteness_area_code":0,"_2012_13_peer_group_code":"S1","elective_surgery_reported":"Yes","unit":"Campus","remoteness_area":"Major Cities","address_line_1":"35 Johnstone Street","admissions_reported":"Yes","ogc_fid":716,"address_line_2":"Broadmeadows 3047","geocode_type":"establishment","outpatient_clinics":"No","longitude":144.9127364,"latitude":-37.6845675,"parent_id":"NET011517"},"id":"aihw_hospital_statistics_2012_2013.716"},{"type":"Feature","geometry":{"type":"Point","coordinates":[144.9189253,-37.5962837]},"properties":{"establishment_id":"210A03670","hospname":"Craigieburn Health Service","emergency_department":"No","state":"VIC","_2011_12_peer_group_code":"G","_2012_13_peer_group_name":"Other day procedure hospital","number_of_available_beds":6.0,"geocode_quality":"ROOFTOP","medicare_prov_number":"","_2011_12_peer_group_name":"Un-peered and other","remoteness_area_code":0,"_2012_13_peer_group_code":"O4","elective_surgery_reported":"No","unit":"Campus","remoteness_area":"Major Cities","address_line_1":"350 Craigieburn Road West","admissions_reported":"Yes","ogc_fid":717,"address_line_2":"Craigieburn 3064","geocode_type":"establishment","outpatient_clinics":"No","longitude":144.9189253,"latitude":-37.5962837,"parent_id":"NET011517"},"id":"aihw_hospital_statistics_2012_2013.717"},{"type":"Feature","geometry":{"type":"Point","coordinates":[144.5580643,-37.6869341]},"properties":{"establishment_id":"210A03680","hospname":"Melton Health","emergency_department":"No","state":"VIC","_2011_12_peer_group_code":"D1","_2012_13_peer_group_name":"Unpeered","number_of_available_beds":17.0,"geocode_quality":"ROOFTOP","medicare_prov_number":"0","_2011_12_peer_group_name":"Small regional acute","remoteness_area_code":0,"_2012_13_peer_group_code":"O5","elective_surgery_reported":"No","unit":"Campus","remoteness_area":"Major Cities","address_line_1":"195-209 Barries Road","admissions_reported":"Yes","ogc_fid":718,"address_line_2":"Melton West 3337","geocode_type":"establishment","outpatient_clinics":"No","longitude":144.5580643,"latitude":-37.6869341,"parent_id":"NET003020"},"id":"aihw_hospital_statistics_2012_2013.718"},{"type":"Feature","geometry":{"type":"Point","coordinates":[144.964631,-37.7996151]},"properties":{"establishment_id":"210A05110","hospname":"Dental Health Services Victoria","emergency_department":"No","state":"VIC","_2011_12_peer_group_code":"G","_2012_13_peer_group_name":"Unpeered","number_of_available_beds":20.0,"geocode_quality":"ROOFTOP","medicare_prov_number":"","_2011_12_peer_group_name":"Un-peered and other","remoteness_area_code":0,"_2012_13_peer_group_code":"O5","elective_surgery_reported":"No","unit":"Hospital","remoteness_area":"Major Cities","address_line_1":"720 Swanston Street","admissions_reported":"Yes","ogc_fid":719,"address_line_2":"Carlton 3053","geocode_type":"dentist","outpatient_clinics":"No","longitude":144.964631,"latitude":-37.7996151,"parent_id":""},"id":"aihw_hospital_statistics_2012_2013.719"},{"type":"Feature","geometry":{"type":"Point","coordinates":[145.0116586,-37.789047]},"properties":{"establishment_id":"240A05990","hospname":"VIFMH","emergency_department":"No","state":"VIC","_2011_12_peer_group_code":"F","_2012_13_peer_group_name":"Psychiatric public","number_of_available_beds":116.0,"geocode_quality":"ROOFTOP","medicare_prov_number":"","_2011_12_peer_group_name":"Psychiatric","remoteness_area_code":0,"_2012_13_peer_group_code":"Ps","elective_surgery_reported":"No","unit":"Network","remoteness_area":"Major Cities","address_line_1":"Yarra Bend Road","admissions_reported":"Yes","ogc_fid":721,"address_line_2":"Fairfield 3078","geocode_type":"establishment","outpatient_clinics":"No","longitude":145.0116586,"latitude":-37.789047,"parent_id":""},"id":"aihw_hospital_statistics_2012_2013.721"},{"type":"Feature","geometry":{"type":"Point","coordinates":[145.0116586,-37.789047]},"properties":{"establishment_id":"240A05990","hospname":"VIFMH-Prison Health Service (MAP)","emergency_department":"No","state":"VIC","_2011_12_peer_group_code":"F","_2012_13_peer_group_name":"Psychiatric public","number_of_available_beds":36.0,"geocode_quality":"ROOFTOP","medicare_prov_number":"","_2011_12_peer_group_name":"Psychiatric","remoteness_area_code":0,"_2012_13_peer_group_code":"Ps","elective_surgery_reported":"No","unit":"Campus","remoteness_area":"Major Cities","address_line_1":"Yarra Bend Road","admissions_reported":"Yes","ogc_fid":722,"address_line_2":"Fairfield 3078","geocode_type":"establishment","outpatient_clinics":"No","longitude":145.0116586,"latitude":-37.789047,"parent_id":"240A05990"},"id":"aihw_hospital_statistics_2012_2013.722"},{"type":"Feature","geometry":{"type":"Point","coordinates":[144.7418901,-37.7820959]},"properties":{"establishment_id":"240A05993","hospname":"Dame Phyllis Frost Centre - Marmak unit","emergency_department":"No","state":"VIC","_2011_12_peer_group_code":"F","_2012_13_peer_group_name":"Psychiatric public","number_of_available_beds":0.0,"geocode_quality":"ROOFTOP","medicare_prov_number":"","_2011_12_peer_group_name":"Psychiatric","remoteness_area_code":0,"_2012_13_peer_group_code":"Ps","elective_surgery_reported":"No","unit":"Campus","remoteness_area":"Major Cities","address_line_1":"Riding-Boundary Road","admissions_reported":"No","ogc_fid":723,"address_line_2":"Deer Park 3023","geocode_type":"establishment","outpatient_clinics":"No","longitude":144.7418901,"latitude":-37.7820959,"parent_id":"240A05990"},"id":"aihw_hospital_statistics_2012_2013.723"},{"type":"Feature","geometry":{"type":"Point","coordinates":[144.434449,-37.678001]},"properties":{"establishment_id":"NET003020","hospname":"Djerriwarrh Health Service","emergency_department":"No","state":"VIC","_2011_12_peer_group_code":"G","_2012_13_peer_group_name":null,"number_of_available_beds":null,"geocode_quality":"ROOFTOP","medicare_prov_number":"","_2011_12_peer_group_name":"Un-peered and other","remoteness_area_code":null,"_2012_13_peer_group_code":null,"elective_surgery_reported":"No","unit":"Network","remoteness_area":null,"address_line_1":"","admissions_reported":"No","ogc_fid":724,"address_line_2":"Various","geocode_type":"establishment","outpatient_clinics":"No","longitude":144.434449,"latitude":-37.678001,"parent_id":""},"id":"aihw_hospital_statistics_2012_2013.724"},{"type":"Feature","geometry":{"type":"Point","coordinates":[145.1233865,-37.9206682]},"properties":{"establishment_id":"NET003289","hospname":"Monash Health","emergency_department":"No","state":"VIC","_2011_12_peer_group_code":"A1","_2012_13_peer_group_name":null,"number_of_available_beds":null,"geocode_quality":"ROOFTOP","medicare_prov_number":"","_2011_12_peer_group_name":"Principal referral","remoteness_area_code":null,"_2012_13_peer_group_code":null,"elective_surgery_reported":"No","unit":"Network","remoteness_area":null,"address_line_1":"","admissions_reported":"No","ogc_fid":725,"address_line_2":"Various","geocode_type":"establishment","outpatient_clinics":"No","longitude":145.1233865,"latitude":-37.9206682,"parent_id":""},"id":"aihw_hospital_statistics_2012_2013.725"},{"type":"Feature","geometry":{"type":"Point","coordinates":[144.815301,-37.7602193]},"properties":{"establishment_id":"NET011515","hospname":"Western Health","emergency_department":"No","state":"VIC","_2011_12_peer_group_code":"A1","_2012_13_peer_group_name":null,"number_of_available_beds":null,"geocode_quality":"ROOFTOP","medicare_prov_number":"","_2011_12_peer_group_name":"Principal referral","remoteness_area_code":null,"_2012_13_peer_group_code":null,"elective_surgery_reported":"No","unit":"Network","remoteness_area":null,"address_line_1":"","admissions_reported":"No","ogc_fid":743,"address_line_2":"Various","geocode_type":"establishment","outpatient_clinics":"No","longitude":144.815301,"latitude":-37.7602193,"parent_id":""},"id":"aihw_hospital_statistics_2012_2013.743"},{"type":"Feature","geometry":{"type":"Point","coordinates":[145.0144858,-37.652886]},"properties":{"establishment_id":"NET011517","hospname":"Northern Health","emergency_department":"No","state":"VIC","_2011_12_peer_group_code":"A1","_2012_13_peer_group_name":null,"number_of_available_beds":null,"geocode_quality":"ROOFTOP","medicare_prov_number":"","_2011_12_peer_group_name":"Principal referral","remoteness_area_code":null,"_2012_13_peer_group_code":null,"elective_surgery_reported":"No","unit":"Network","remoteness_area":null,"address_line_1":"","admissions_reported":"No","ogc_fid":744,"address_line_2":"Various","geocode_type":"establishment","outpatient_clinics":"No","longitude":145.0144858,"latitude":-37.652886,"parent_id":""},"id":"aihw_hospital_statistics_2012_2013.744"},{"type":"Feature","geometry":{"type":"Point","coordinates":[145.1184531,-37.814519]},"properties":{"establishment_id":"NET011518","hospname":"Eastern Health","emergency_department":"No","state":"VIC","_2011_12_peer_group_code":"A1","_2012_13_peer_group_name":null,"number_of_available_beds":null,"geocode_quality":"ROOFTOP","medicare_prov_number":"","_2011_12_peer_group_name":"Principal referral","remoteness_area_code":null,"_2012_13_peer_group_code":null,"elective_surgery_reported":"No","unit":"Network","remoteness_area":null,"address_line_1":"","admissions_reported":"No","ogc_fid":745,"address_line_2":"Various","geocode_type":"establishment","outpatient_clinics":"No","longitude":145.1184531,"latitude":-37.814519,"parent_id":""},"id":"aihw_hospital_statistics_2012_2013.745"},{"type":"Feature","geometry":{"type":"Point","coordinates":[144.9818517,-37.84596039999999]},"properties":{"establishment_id":"NET011519","hospname":"Alfred Health","emergency_department":"No","state":"VIC","_2011_12_peer_group_code":"A1","_2012_13_peer_group_name":null,"number_of_available_beds":null,"geocode_quality":"ROOFTOP","medicare_prov_number":"","_2011_12_peer_group_name":"Principal referral","remoteness_area_code":null,"_2012_13_peer_group_code":null,"elective_surgery_reported":"No","unit":"Network","remoteness_area":null,"address_line_1":"","admissions_reported":"No","ogc_fid":746,"address_line_2":"Various","geocode_type":"establishment","outpatient_clinics":"No","longitude":144.9818517,"latitude":-37.8459604,"parent_id":""},"id":"aihw_hospital_statistics_2012_2013.746"},{"type":"Feature","geometry":{"type":"Point","coordinates":[144.956539,-37.799552]},"properties":{"establishment_id":"NET011520","hospname":"Melbourne Health","emergency_department":"No","state":"VIC","_2011_12_peer_group_code":"A1","_2012_13_peer_group_name":null,"number_of_available_beds":null,"geocode_quality":"ROOFTOP","medicare_prov_number":"","_2011_12_peer_group_name":"Principal referral","remoteness_area_code":null,"_2012_13_peer_group_code":null,"elective_surgery_reported":"No","unit":"Network","remoteness_area":null,"address_line_1":"","admissions_reported":"No","ogc_fid":747,"address_line_2":"Various","geocode_type":"establishment","outpatient_clinics":"No","longitude":144.956539,"latitude":-37.799552,"parent_id":""},"id":"aihw_hospital_statistics_2012_2013.747"},{"type":"Feature","geometry":{"type":"Point","coordinates":[144.7296887,-37.736505]},"properties":{"establishment_id":"510700403","hospname":"Bruce Rock Memorial Hospital","emergency_department":"No","state":"WA","_2011_12_peer_group_code":"E2","_2012_13_peer_group_name":"Very small public","number_of_available_beds":4.0,"geocode_quality":"ROOFTOP","medicare_prov_number":"0070120K","_2011_12_peer_group_name":"Multi-purpose services","remoteness_area_code":3,"_2012_13_peer_group_code":"VS","elective_surgery_reported":"No","unit":"Hospital","remoteness_area":"Remote","address_line_1":"35 DUNSTALL ST","admissions_reported":"Yes","ogc_fid":768,"address_line_2":"BRUCE ROCK 6418","geocode_type":"premise","outpatient_clinics":"No","longitude":144.7296887,"latitude":-37.736505,"parent_id":""},"id":"aihw_hospital_statistics_2012_2013.768"}]}