{"type":"FeatureCollection","bbox":[0.0,0.0,-1.0,-1.0],"features":[{"type":"Feature","properties":{"p80_to_p20_ratio":4.46,"median_aud":49482,"highest_quartile_pc":26.7,"income_aud":3085268445,"income_share_top_5pc":18.3,"median_age_of_earners_years":36,"third_quartile_pc":25.8,"earners_persons":51531,"lowest_quartile_pc":22.6,"mean_aud":59872,"p20_to_p50_ratio":0.4,"income_share_top_1pc":6.1,"p10_to_p50_ratio":0.2,"gini_coefficient_no":0.435,"second_quartile_pc":24.9,"sa3_name16":"Brunswick - Coburg","income_share_top_10pc":29.2,"p80_to_p50_ratio":1.8,"sa3_code_2016":"20601"},"id":"abs_epi_income_distribution_sa3_2014_15.20601"},{"type":"Feature","properties":{"p80_to_p20_ratio":4.65,"median_aud":53084,"highest_quartile_pc":30.2,"income_aud":2077431108,"income_share_top_5pc":20.5,"median_age_of_earners_years":39,"third_quartile_pc":25.7,"earners_persons":30863,"lowest_quartile_pc":21.5,"mean_aud":67311,"p20_to_p50_ratio":0.39,"income_share_top_1pc":7.6,"p10_to_p50_ratio":0.2,"gini_coefficient_no":0.456,"second_quartile_pc":22.6,"sa3_name16":"Darebin - South","income_share_top_10pc":31.7,"p80_to_p50_ratio":1.84,"sa3_code_2016":"20602"},"id":"abs_epi_income_distribution_sa3_2014_15.20602"},{"type":"Feature","properties":{"p80_to_p20_ratio":4.97,"median_aud":54714,"highest_quartile_pc":32.3,"income_aud":2826293930,"income_share_top_5pc":22.7,"median_age_of_earners_years":40,"third_quartile_pc":24.5,"earners_persons":39310,"lowest_quartile_pc":21.8,"mean_aud":71898,"p20_to_p50_ratio":0.38,"income_share_top_1pc":9.3,"p10_to_p50_ratio":0.18,"gini_coefficient_no":0.481,"second_quartile_pc":21.3,"sa3_name16":"Essendon","income_share_top_10pc":34.1,"p80_to_p50_ratio":1.87,"sa3_code_2016":"20603"},"id":"abs_epi_income_distribution_sa3_2014_15.20603"},{"type":"Feature","properties":{"p80_to_p20_ratio":6.22,"median_aud":47298,"highest_quartile_pc":27.8,"income_aud":4995364989,"income_share_top_5pc":28.6,"median_age_of_earners_years":32,"third_quartile_pc":22.5,"earners_persons":72450,"lowest_quartile_pc":28.4,"mean_aud":68949,"p20_to_p50_ratio":0.32,"income_share_top_1pc":13.9,"p10_to_p50_ratio":0.15,"gini_coefficient_no":0.542,"second_quartile_pc":21.2,"sa3_name16":"Melbourne City","income_share_top_10pc":39.9,"p80_to_p50_ratio":1.99,"sa3_code_2016":"20604"},"id":"abs_epi_income_distribution_sa3_2014_15.20604"},{"type":"Feature","properties":{"p80_to_p20_ratio":4.96,"median_aud":58932,"highest_quartile_pc":35.7,"income_aud":5749953970,"income_share_top_5pc":27.3,"median_age_of_earners_years":37,"third_quartile_pc":24.6,"earners_persons":68400,"lowest_quartile_pc":20.1,"mean_aud":84064,"p20_to_p50_ratio":0.38,"income_share_top_1pc":12.5,"p10_to_p50_ratio":0.19,"gini_coefficient_no":0.515,"second_quartile_pc":19.6,"sa3_name16":"Port Phillip","income_share_top_10pc":38.5,"p80_to_p50_ratio":1.9,"sa3_code_2016":"20605"},"id":"abs_epi_income_distribution_sa3_2014_15.20605"},{"type":"Feature","properties":{"p80_to_p20_ratio":5.22,"median_aud":61062,"highest_quartile_pc":37.9,"income_aud":4610799090,"income_share_top_5pc":38.2,"median_age_of_earners_years":36,"third_quartile_pc":23.6,"earners_persons":43205,"lowest_quartile_pc":19.6,"mean_aud":106719,"p20_to_p50_ratio":0.38,"income_share_top_1pc":21.2,"p10_to_p50_ratio":0.19,"gini_coefficient_no":0.601,"second_quartile_pc":19.0,"sa3_name16":"Stonnington - West","income_share_top_10pc":48.8,"p80_to_p50_ratio":2.0,"sa3_code_2016":"20606"},"id":"abs_epi_income_distribution_sa3_2014_15.20606"},{"type":"Feature","properties":{"p80_to_p20_ratio":4.7,"median_aud":57449,"highest_quartile_pc":34.0,"income_aud":4251664139,"income_share_top_5pc":23.7,"median_age_of_earners_years":35,"third_quartile_pc":25.2,"earners_persons":55714,"lowest_quartile_pc":20.1,"mean_aud":76312,"p20_to_p50_ratio":0.39,"income_share_top_1pc":9.9,"p10_to_p50_ratio":0.2,"gini_coefficient_no":0.482,"second_quartile_pc":20.7,"sa3_name16":"Yarra","income_share_top_10pc":34.9,"p80_to_p50_ratio":1.85,"sa3_code_2016":"20607"},"id":"abs_epi_income_distribution_sa3_2014_15.20607"},{"type":"Feature","properties":{"p80_to_p20_ratio":6.83,"median_aud":56447,"highest_quartile_pc":37.1,"income_aud":10031102126,"income_share_top_5pc":31.0,"median_age_of_earners_years":45,"third_quartile_pc":19.7,"earners_persons":107141,"lowest_quartile_pc":24.0,"mean_aud":93625,"p20_to_p50_ratio":0.33,"income_share_top_1pc":13.7,"p10_to_p50_ratio":0.14,"gini_coefficient_no":0.578,"second_quartile_pc":19.2,"sa3_name16":"Boroondara","income_share_top_10pc":43.3,"p80_to_p50_ratio":2.25,"sa3_code_2016":"20701"},"id":"abs_epi_income_distribution_sa3_2014_15.20701"},{"type":"Feature","properties":{"p80_to_p20_ratio":6.04,"median_aud":42787,"highest_quartile_pc":25.2,"income_aud":3247219366,"income_share_top_5pc":23.9,"median_age_of_earners_years":47,"third_quartile_pc":21.3,"earners_persons":53893,"lowest_quartile_pc":29.5,"mean_aud":60253,"p20_to_p50_ratio":0.35,"income_share_top_1pc":9.6,"p10_to_p50_ratio":0.14,"gini_coefficient_no":0.515,"second_quartile_pc":24.0,"sa3_name16":"Manningham - West","income_share_top_10pc":35.8,"p80_to_p50_ratio":2.09,"sa3_code_2016":"20702"},"id":"abs_epi_income_distribution_sa3_2014_15.20702"},{"type":"Feature","properties":{"p80_to_p20_ratio":6.08,"median_aud":44681,"highest_quartile_pc":26.6,"income_aud":3499777074,"income_share_top_5pc":22.5,"median_age_of_earners_years":44,"third_quartile_pc":21.7,"earners_persons":57124,"lowest_quartile_pc":28.7,"mean_aud":61266,"p20_to_p50_ratio":0.34,"income_share_top_1pc":8.3,"p10_to_p50_ratio":0.14,"gini_coefficient_no":0.503,"second_quartile_pc":23.0,"sa3_name16":"Whitehorse - West","income_share_top_10pc":34.5,"p80_to_p50_ratio":2.06,"sa3_code_2016":"20703"},"id":"abs_epi_income_distribution_sa3_2014_15.20703"},{"type":"Feature","properties":{"p80_to_p20_ratio":6.9,"median_aud":57355,"highest_quartile_pc":38.1,"income_aud":5979724914,"income_share_top_5pc":31.5,"median_age_of_earners_years":48,"third_quartile_pc":19.0,"earners_persons":61560,"lowest_quartile_pc":23.4,"mean_aud":97137,"p20_to_p50_ratio":0.34,"income_share_top_1pc":14.0,"p10_to_p50_ratio":0.15,"gini_coefficient_no":0.58,"second_quartile_pc":19.5,"sa3_name16":"Bayside","income_share_top_10pc":43.6,"p80_to_p50_ratio":2.32,"sa3_code_2016":"20801"},"id":"abs_epi_income_distribution_sa3_2014_15.20801"},{"type":"Feature","properties":{"p80_to_p20_ratio":4.47,"median_aud":43873,"highest_quartile_pc":19.8,"income_aud":2471451092,"income_share_top_5pc":17.6,"median_age_of_earners_years":38,"third_quartile_pc":26.8,"earners_persons":47806,"lowest_quartile_pc":26.4,"mean_aud":51698,"p20_to_p50_ratio":0.4,"income_share_top_1pc":5.9,"p10_to_p50_ratio":0.19,"gini_coefficient_no":0.43,"second_quartile_pc":26.9,"sa3_name16":"Darebin - North","income_share_top_10pc":28.4,"p80_to_p50_ratio":1.78,"sa3_code_2016":"20902"},"id":"abs_epi_income_distribution_sa3_2014_15.20902"},{"type":"Feature","properties":{"p80_to_p20_ratio":4.85,"median_aud":50300,"highest_quartile_pc":29.4,"income_aud":2675764015,"income_share_top_5pc":20.8,"median_age_of_earners_years":46,"third_quartile_pc":23.7,"earners_persons":40935,"lowest_quartile_pc":22.9,"mean_aud":65366,"p20_to_p50_ratio":0.39,"income_share_top_1pc":7.7,"p10_to_p50_ratio":0.19,"gini_coefficient_no":0.466,"second_quartile_pc":23.9,"sa3_name16":"Nillumbik - Kinglake","income_share_top_10pc":32.2,"p80_to_p50_ratio":1.91,"sa3_code_2016":"20903"},"id":"abs_epi_income_distribution_sa3_2014_15.20903"},{"type":"Feature","properties":{"p80_to_p20_ratio":3.87,"median_aud":45586,"highest_quartile_pc":18.6,"income_aud":5418680505,"income_share_top_5pc":15.6,"median_age_of_earners_years":39,"third_quartile_pc":29.9,"earners_persons":106107,"lowest_quartile_pc":23.5,"mean_aud":51068,"p20_to_p50_ratio":0.43,"income_share_top_1pc":4.8,"p10_to_p50_ratio":0.22,"gini_coefficient_no":0.395,"second_quartile_pc":28.1,"sa3_name16":"Whittlesea - Wallan","income_share_top_10pc":25.9,"p80_to_p50_ratio":1.67,"sa3_code_2016":"20904"},"id":"abs_epi_income_distribution_sa3_2014_15.20904"},{"type":"Feature","properties":{"p80_to_p20_ratio":4.73,"median_aud":49243,"highest_quartile_pc":26.5,"income_aud":2035734602,"income_share_top_5pc":19.6,"median_age_of_earners_years":44,"third_quartile_pc":25.6,"earners_persons":33647,"lowest_quartile_pc":24.0,"mean_aud":60503,"p20_to_p50_ratio":0.39,"income_share_top_1pc":6.9,"p10_to_p50_ratio":0.17,"gini_coefficient_no":0.453,"second_quartile_pc":23.9,"sa3_name16":"Keilor","income_share_top_10pc":30.7,"p80_to_p50_ratio":1.83,"sa3_code_2016":"21001"},"id":"abs_epi_income_distribution_sa3_2014_15.21001"},{"type":"Feature","properties":{"p80_to_p20_ratio":4.94,"median_aud":49034,"highest_quartile_pc":27.9,"income_aud":1069264880,"income_share_top_5pc":21.2,"median_age_of_earners_years":46,"third_quartile_pc":24.2,"earners_persons":16995,"lowest_quartile_pc":24.1,"mean_aud":62916,"p20_to_p50_ratio":0.39,"income_share_top_1pc":8.4,"p10_to_p50_ratio":0.18,"gini_coefficient_no":0.474,"second_quartile_pc":23.9,"sa3_name16":"Macedon Ranges","income_share_top_10pc":32.4,"p80_to_p50_ratio":1.9,"sa3_code_2016":"21002"},"id":"abs_epi_income_distribution_sa3_2014_15.21002"},{"type":"Feature","properties":{"p80_to_p20_ratio":5.29,"median_aud":51936,"highest_quartile_pc":31.3,"income_aud":6333100747,"income_share_top_5pc":23.7,"median_age_of_earners_years":42,"third_quartile_pc":23.2,"earners_persons":89012,"lowest_quartile_pc":23.6,"mean_aud":71149,"p20_to_p50_ratio":0.37,"income_share_top_1pc":9.6,"p10_to_p50_ratio":0.17,"gini_coefficient_no":0.5,"second_quartile_pc":21.9,"sa3_name16":"Glen Eira","income_share_top_10pc":35.4,"p80_to_p50_ratio":1.97,"sa3_code_2016":"20802"},"id":"abs_epi_income_distribution_sa3_2014_15.20802"},{"type":"Feature","properties":{"p80_to_p20_ratio":4.63,"median_aud":49999,"highest_quartile_pc":26.9,"income_aud":4168726734,"income_share_top_5pc":19.3,"median_age_of_earners_years":44,"third_quartile_pc":26.1,"earners_persons":68262,"lowest_quartile_pc":23.2,"mean_aud":61070,"p20_to_p50_ratio":0.39,"income_share_top_1pc":6.8,"p10_to_p50_ratio":0.18,"gini_coefficient_no":0.447,"second_quartile_pc":23.8,"sa3_name16":"Kingston","income_share_top_10pc":30.3,"p80_to_p50_ratio":1.82,"sa3_code_2016":"20803"},"id":"abs_epi_income_distribution_sa3_2014_15.20803"},{"type":"Feature","properties":{"p80_to_p20_ratio":6.39,"median_aud":59200,"highest_quartile_pc":38.3,"income_aud":2622683498,"income_share_top_5pc":32.4,"median_age_of_earners_years":43,"third_quartile_pc":20.8,"earners_persons":26222,"lowest_quartile_pc":22.0,"mean_aud":100018,"p20_to_p50_ratio":0.35,"income_share_top_1pc":14.2,"p10_to_p50_ratio":0.16,"gini_coefficient_no":0.578,"second_quartile_pc":18.8,"sa3_name16":"Stonnington - East","income_share_top_10pc":44.5,"p80_to_p50_ratio":2.2,"sa3_code_2016":"20804"},"id":"abs_epi_income_distribution_sa3_2014_15.20804"},{"type":"Feature","properties":{"p80_to_p20_ratio":4.95,"median_aud":50398,"highest_quartile_pc":28.4,"income_aud":4570089776,"income_share_top_5pc":21.7,"median_age_of_earners_years":44,"third_quartile_pc":24.8,"earners_persons":71097,"lowest_quartile_pc":24.0,"mean_aud":64280,"p20_to_p50_ratio":0.37,"income_share_top_1pc":8.7,"p10_to_p50_ratio":0.17,"gini_coefficient_no":0.473,"second_quartile_pc":22.8,"sa3_name16":"Banyule","income_share_top_10pc":32.7,"p80_to_p50_ratio":1.85,"sa3_code_2016":"20901"},"id":"abs_epi_income_distribution_sa3_2014_15.20901"},{"type":"Feature","properties":{"p80_to_p20_ratio":4.38,"median_aud":44788,"highest_quartile_pc":20.6,"income_aud":1938733313,"income_share_top_5pc":16.7,"median_age_of_earners_years":38,"third_quartile_pc":27.2,"earners_persons":37390,"lowest_quartile_pc":25.6,"mean_aud":51852,"p20_to_p50_ratio":0.4,"income_share_top_1pc":5.3,"p10_to_p50_ratio":0.19,"gini_coefficient_no":0.421,"second_quartile_pc":26.6,"sa3_name16":"Moreland - North","income_share_top_10pc":27.4,"p80_to_p50_ratio":1.77,"sa3_code_2016":"21003"},"id":"abs_epi_income_distribution_sa3_2014_15.21003"},{"type":"Feature","properties":{"p80_to_p20_ratio":4.01,"median_aud":48630,"highest_quartile_pc":23.3,"income_aud":1254459072,"income_share_top_5pc":16.9,"median_age_of_earners_years":43,"third_quartile_pc":28.7,"earners_persons":22344,"lowest_quartile_pc":21.8,"mean_aud":56143,"p20_to_p50_ratio":0.43,"income_share_top_1pc":5.5,"p10_to_p50_ratio":0.21,"gini_coefficient_no":0.41,"second_quartile_pc":26.3,"sa3_name16":"Sunbury","income_share_top_10pc":27.5,"p80_to_p50_ratio":1.71,"sa3_code_2016":"21004"},"id":"abs_epi_income_distribution_sa3_2014_15.21004"},{"type":"Feature","properties":{"p80_to_p20_ratio":3.9,"median_aud":42902,"highest_quartile_pc":16.1,"income_aud":3451956522,"income_share_top_5pc":16.1,"median_age_of_earners_years":38,"third_quartile_pc":29.0,"earners_persons":71366,"lowest_quartile_pc":25.5,"mean_aud":48370,"p20_to_p50_ratio":0.43,"income_share_top_1pc":5.1,"p10_to_p50_ratio":0.22,"gini_coefficient_no":0.402,"second_quartile_pc":29.4,"sa3_name16":"Tullamarine - Broadmeadows","income_share_top_10pc":26.5,"p80_to_p50_ratio":1.69,"sa3_code_2016":"21005"},"id":"abs_epi_income_distribution_sa3_2014_15.21005"},{"type":"Feature","properties":{"p80_to_p20_ratio":4.31,"median_aud":46226,"highest_quartile_pc":21.6,"income_aud":4934651474,"income_share_top_5pc":17.6,"median_age_of_earners_years":43,"third_quartile_pc":27.7,"earners_persons":91079,"lowest_quartile_pc":24.2,"mean_aud":54180,"p20_to_p50_ratio":0.41,"income_share_top_1pc":5.8,"p10_to_p50_ratio":0.18,"gini_coefficient_no":0.425,"second_quartile_pc":26.5,"sa3_name16":"Knox","income_share_top_10pc":28.3,"p80_to_p50_ratio":1.76,"sa3_code_2016":"21101"},"id":"abs_epi_income_distribution_sa3_2014_15.21101"},{"type":"Feature","properties":{"p80_to_p20_ratio":5.92,"median_aud":49711,"highest_quartile_pc":31.6,"income_aud":1254211225,"income_share_top_5pc":26.2,"median_age_of_earners_years":47,"third_quartile_pc":20.7,"earners_persons":16762,"lowest_quartile_pc":25.1,"mean_aud":74825,"p20_to_p50_ratio":0.36,"income_share_top_1pc":11.0,"p10_to_p50_ratio":0.15,"gini_coefficient_no":0.538,"second_quartile_pc":22.6,"sa3_name16":"Manningham - East","income_share_top_10pc":38.6,"p80_to_p50_ratio":2.14,"sa3_code_2016":"21102"},"id":"abs_epi_income_distribution_sa3_2014_15.21102"},{"type":"Feature","properties":{"p80_to_p20_ratio":4.48,"median_aud":47192,"highest_quartile_pc":23.6,"income_aud":3523046723,"income_share_top_5pc":17.4,"median_age_of_earners_years":43,"third_quartile_pc":26.7,"earners_persons":63129,"lowest_quartile_pc":24.0,"mean_aud":55807,"p20_to_p50_ratio":0.4,"income_share_top_1pc":5.5,"p10_to_p50_ratio":0.18,"gini_coefficient_no":0.429,"second_quartile_pc":25.6,"sa3_name16":"Maroondah","income_share_top_10pc":28.3,"p80_to_p50_ratio":1.79,"sa3_code_2016":"21103"},"id":"abs_epi_income_distribution_sa3_2014_15.21103"},{"type":"Feature","properties":{"p80_to_p20_ratio":5.54,"median_aud":45527,"highest_quartile_pc":25.0,"income_aud":2018121618,"income_share_top_5pc":19.0,"median_age_of_earners_years":44,"third_quartile_pc":23.8,"earners_persons":35635,"lowest_quartile_pc":27.6,"mean_aud":56633,"p20_to_p50_ratio":0.35,"income_share_top_1pc":6.3,"p10_to_p50_ratio":0.14,"gini_coefficient_no":0.465,"second_quartile_pc":23.6,"sa3_name16":"Whitehorse - East","income_share_top_10pc":30.5,"p80_to_p50_ratio":1.92,"sa3_code_2016":"21104"},"id":"abs_epi_income_distribution_sa3_2014_15.21104"},{"type":"Feature","properties":{"p80_to_p20_ratio":4.35,"median_aud":44966,"highest_quartile_pc":20.7,"income_aud":4645025100,"income_share_top_5pc":18.5,"median_age_of_earners_years":44,"third_quartile_pc":27.3,"earners_persons":86789,"lowest_quartile_pc":25.0,"mean_aud":53521,"p20_to_p50_ratio":0.41,"income_share_top_1pc":6.6,"p10_to_p50_ratio":0.19,"gini_coefficient_no":0.435,"second_quartile_pc":27.1,"sa3_name16":"Yarra Ranges","income_share_top_10pc":29.2,"p80_to_p50_ratio":1.76,"sa3_code_2016":"21105"},"id":"abs_epi_income_distribution_sa3_2014_15.21105"},{"type":"Feature","properties":{"p80_to_p20_ratio":3.95,"median_aud":46041,"highest_quartile_pc":20.0,"income_aud":2621266421,"income_share_top_5pc":17.5,"median_age_of_earners_years":41,"third_quartile_pc":28.9,"earners_persons":49244,"lowest_quartile_pc":23.0,"mean_aud":53230,"p20_to_p50_ratio":0.43,"income_share_top_1pc":6.2,"p10_to_p50_ratio":0.21,"gini_coefficient_no":0.412,"second_quartile_pc":28.0,"sa3_name16":"Cardinia","income_share_top_10pc":27.8,"p80_to_p50_ratio":1.71,"sa3_code_2016":"21201"},"id":"abs_epi_income_distribution_sa3_2014_15.21201"},{"type":"Feature","properties":{"p80_to_p20_ratio":4.1,"median_aud":45302,"highest_quartile_pc":20.0,"income_aud":3752036671,"income_share_top_5pc":18.4,"median_age_of_earners_years":42,"third_quartile_pc":28.1,"earners_persons":70197,"lowest_quartile_pc":24.2,"mean_aud":53450,"p20_to_p50_ratio":0.42,"income_share_top_1pc":6.7,"p10_to_p50_ratio":0.2,"gini_coefficient_no":0.426,"second_quartile_pc":27.6,"sa3_name16":"Casey - North","income_share_top_10pc":29.0,"p80_to_p50_ratio":1.73,"sa3_code_2016":"21202"},"id":"abs_epi_income_distribution_sa3_2014_15.21202"},{"type":"Feature","properties":{"p80_to_p20_ratio":3.53,"median_aud":46024,"highest_quartile_pc":16.8,"income_aud":4169502971,"income_share_top_5pc":15.0,"median_age_of_earners_years":39,"third_quartile_pc":32.1,"earners_persons":82919,"lowest_quartile_pc":21.8,"mean_aud":50284,"p20_to_p50_ratio":0.45,"income_share_top_1pc":4.5,"p10_to_p50_ratio":0.24,"gini_coefficient_no":0.375,"second_quartile_pc":29.3,"sa3_name16":"Casey - South","income_share_top_10pc":25.0,"p80_to_p50_ratio":1.6,"sa3_code_2016":"21203"},"id":"abs_epi_income_distribution_sa3_2014_15.21203"},{"type":"Feature","properties":{"p80_to_p20_ratio":4.12,"median_aud":39855,"highest_quartile_pc":13.2,"income_aud":4078503815,"income_share_top_5pc":16.5,"median_age_of_earners_years":39,"third_quartile_pc":27.5,"earners_persons":91038,"lowest_quartile_pc":28.4,"mean_aud":44800,"p20_to_p50_ratio":0.41,"income_share_top_1pc":5.3,"p10_to_p50_ratio":0.19,"gini_coefficient_no":0.411,"second_quartile_pc":30.9,"sa3_name16":"Dandenong","income_share_top_10pc":27.0,"p80_to_p50_ratio":1.68,"sa3_code_2016":"21204"},"id":"abs_epi_income_distribution_sa3_2014_15.21204"},{"type":"Feature","properties":{"p80_to_p20_ratio":5.86,"median_aud":43882,"highest_quartile_pc":24.0,"income_aud":5537561171,"income_share_top_5pc":21.1,"median_age_of_earners_years":43,"third_quartile_pc":23.2,"earners_persons":97552,"lowest_quartile_pc":29.1,"mean_aud":56765,"p20_to_p50_ratio":0.34,"income_share_top_1pc":7.7,"p10_to_p50_ratio":0.13,"gini_coefficient_no":0.488,"second_quartile_pc":23.7,"sa3_name16":"Monash","income_share_top_10pc":32.8,"p80_to_p50_ratio":1.96,"sa3_code_2016":"21205"},"id":"abs_epi_income_distribution_sa3_2014_15.21205"},{"type":"Feature","properties":{"p80_to_p20_ratio":4.08,"median_aud":41927,"highest_quartile_pc":14.9,"income_aud":4256894574,"income_share_top_5pc":15.8,"median_age_of_earners_years":39,"third_quartile_pc":28.8,"earners_persons":91017,"lowest_quartile_pc":27.0,"mean_aud":46770,"p20_to_p50_ratio":0.41,"income_share_top_1pc":4.8,"p10_to_p50_ratio":0.2,"gini_coefficient_no":0.402,"second_quartile_pc":29.2,"sa3_name16":"Brimbank","income_share_top_10pc":26.2,"p80_to_p50_ratio":1.68,"sa3_code_2016":"21301"},"id":"abs_epi_income_distribution_sa3_2014_15.21301"},{"type":"Feature","properties":{"p80_to_p20_ratio":4.49,"median_aud":52469,"highest_quartile_pc":28.9,"income_aud":3001300561,"income_share_top_5pc":19.3,"median_age_of_earners_years":42,"third_quartile_pc":26.8,"earners_persons":46638,"lowest_quartile_pc":21.5,"mean_aud":64353,"p20_to_p50_ratio":0.4,"income_share_top_1pc":7.0,"p10_to_p50_ratio":0.2,"gini_coefficient_no":0.442,"second_quartile_pc":22.8,"sa3_name16":"Hobsons Bay","income_share_top_10pc":30.3,"p80_to_p50_ratio":1.8,"sa3_code_2016":"21302"},"id":"abs_epi_income_distribution_sa3_2014_15.21302"},{"type":"Feature","properties":{"p80_to_p20_ratio":4.42,"median_aud":48594,"highest_quartile_pc":24.6,"income_aud":2606489031,"income_share_top_5pc":17.7,"median_age_of_earners_years":36,"third_quartile_pc":27.1,"earners_persons":45175,"lowest_quartile_pc":23.4,"mean_aud":57698,"p20_to_p50_ratio":0.4,"income_share_top_1pc":5.8,"p10_to_p50_ratio":0.2,"gini_coefficient_no":0.429,"second_quartile_pc":24.8,"sa3_name16":"Maribyrnong","income_share_top_10pc":28.7,"p80_to_p50_ratio":1.78,"sa3_code_2016":"21303"},"id":"abs_epi_income_distribution_sa3_2014_15.21303"},{"type":"Feature","properties":{"p80_to_p20_ratio":3.79,"median_aud":48172,"highest_quartile_pc":21.1,"income_aud":4083326958,"income_share_top_5pc":15.5,"median_age_of_earners_years":39,"third_quartile_pc":30.5,"earners_persons":75837,"lowest_quartile_pc":21.5,"mean_aud":53843,"p20_to_p50_ratio":0.44,"income_share_top_1pc":4.7,"p10_to_p50_ratio":0.23,"gini_coefficient_no":0.39,"second_quartile_pc":26.8,"sa3_name16":"Melton - Bacchus Marsh","income_share_top_10pc":25.7,"p80_to_p50_ratio":1.66,"sa3_code_2016":"21304"},"id":"abs_epi_income_distribution_sa3_2014_15.21304"},{"type":"Feature","properties":{"p80_to_p20_ratio":3.96,"median_aud":47926,"highest_quartile_pc":21.4,"income_aud":6022953872,"income_share_top_5pc":16.0,"median_age_of_earners_years":37,"third_quartile_pc":29.9,"earners_persons":111234,"lowest_quartile_pc":22.4,"mean_aud":54147,"p20_to_p50_ratio":0.42,"income_share_top_1pc":5.0,"p10_to_p50_ratio":0.21,"gini_coefficient_no":0.4,"second_quartile_pc":26.3,"sa3_name16":"Wyndham","income_share_top_10pc":26.5,"p80_to_p50_ratio":1.68,"sa3_code_2016":"21305"},"id":"abs_epi_income_distribution_sa3_2014_15.21305"},{"type":"Feature","properties":{"p80_to_p20_ratio":3.95,"median_aud":45704,"highest_quartile_pc":19.2,"income_aud":3817923495,"income_share_top_5pc":16.9,"median_age_of_earners_years":42,"third_quartile_pc":29.4,"earners_persons":73181,"lowest_quartile_pc":23.5,"mean_aud":52171,"p20_to_p50_ratio":0.43,"income_share_top_1pc":5.5,"p10_to_p50_ratio":0.21,"gini_coefficient_no":0.409,"second_quartile_pc":28.0,"sa3_name16":"Frankston","income_share_top_10pc":27.4,"p80_to_p50_ratio":1.69,"sa3_code_2016":"21401"},"id":"abs_epi_income_distribution_sa3_2014_15.21401"},{"type":"Feature","properties":{"p80_to_p20_ratio":5.1,"median_aud":42104,"highest_quartile_pc":21.9,"income_aud":4971091672,"income_share_top_5pc":23.9,"median_age_of_earners_years":47,"third_quartile_pc":23.3,"earners_persons":87338,"lowest_quartile_pc":27.8,"mean_aud":56918,"p20_to_p50_ratio":0.38,"income_share_top_1pc":10.0,"p10_to_p50_ratio":0.16,"gini_coefficient_no":0.498,"second_quartile_pc":27.0,"sa3_name16":"Mornington Peninsula","income_share_top_10pc":35.2,"p80_to_p50_ratio":1.95,"sa3_code_2016":"21402"},"id":"abs_epi_income_distribution_sa3_2014_15.21402"}]}